"ID","ID_cuarto","ID_cuarto_opcion","lprecio","precio","vistaalmar","superficie","capacidad","aire_ac","wifi","balcon","terraza","pueblo","tv","alberca","estacionamiento","gimnasio","bar"
0,0,0,7.51534461975098,1836,0,28,2,1,1,0,0,1,1,1,1,1,0
0,1,0,7.44424867630005,1710,0,32,2,1,1,1,1,1,1,1,1,1,0
0,2,0,7.44424867630005,1710,0,47,2,1,1,0,0,1,1,1,1,1,0
0,3,0,7.6187424659729,2036,0,61,2,1,1,1,1,1,1,1,1,1,0
1,0,0,7.73543357849121,2288,0,45,2,1,1,1,1,1,1,1,1,1,0
1,1,0,7.62997579574585,2059,0,75,2,1,1,1,1,1,1,1,1,1,0
1,2,0,7.77317380905151,2376,0,90,2,1,1,1,1,1,1,1,1,1,0
1,4,0,7.77317380905151,2376,0,108,2,1,1,1,1,1,1,1,1,1,0
1,5,0,7.77317380905151,2376,0,95,2,1,1,1,1,1,1,1,1,1,0
1,6,0,7.77317380905151,2376,0,145,2,1,1,1,1,1,1,1,1,1,0
1,7,0,7.77317380905151,2376,0,122,2,1,1,1,1,1,1,1,1,1,0
1,8,0,7.77317380905151,2376,0,165,2,1,1,1,1,1,1,1,1,1,0
1,9,0,7.77317380905151,2376,0,214,2,1,1,1,1,1,1,1,1,1,0
2,0,0,8.65224838256836,5723,0,46,2,1,1,0,0,0,0,1,0,0,1
2,1,0,8.598219871521,5422,0,46,2,1,1,0,0,0,0,1,0,0,1
2,2,0,8.598219871521,5422,0,46,2,1,1,0,0,0,0,1,0,0,1
3,0,0,8.16394138336182,3512,0,35,2,1,0,0,0,0,0,0,1,0,1
3,1,0,8.4359827041626,4610,0,35,2,1,0,1,0,0,0,0,1,0,1
3,2,0,8.4359827041626,4610,0,35,2,1,0,1,0,0,0,0,1,0,1
3,3,0,8.4359827041626,4610,1,35,2,1,0,1,0,0,0,0,1,0,1
3,4,0,8.4359827041626,4610,1,45,2,1,0,1,0,0,0,0,1,0,1
4,0,0,8.7884407043457,6558,0,65,2,1,1,1,1,1,0,1,1,0,1
7,0,0,9.2421293258667,10323,0,45,2,1,1,0,1,0,0,1,1,0,1
7,1,0,9.36134338378906,11630,0,45,3,1,1,1,0,0,0,1,1,0,1
8,0,0,8.87584590911865,7157,1,40,2,1,1,0,1,0,0,1,1,0,1
8,1,0,8.82453060150146,6799,1,40,2,1,1,1,0,0,0,1,1,0,1
8,2,0,8.82453060150146,6799,1,40,2,1,1,0,1,0,0,1,1,0,1
9,0,0,8.5145902633667,4987,0,52,2,1,1,0,0,0,0,1,0,0,0
10,0,0,8.56959629058838,5269,0,35,2,1,1,1,1,0,0,1,1,0,1
10,1,0,8.79270172119141,6586,1,35,2,1,1,1,1,0,0,1,1,0,1
10,2,0,8.79270172119141,6586,1,45,2,1,1,0,0,0,0,1,1,0,1
10,3,0,8.79270172119141,6586,1,35,2,1,1,1,1,0,0,1,1,0,1
10,4,0,8.79270172119141,6586,1,60,2,1,1,1,1,0,0,1,1,0,1
11,0,0,9.20039081573486,9901,0,40,2,1,1,0,1,0,0,0,1,0,1
11,1,0,9.29118251800537,10842,0,40,4,1,1,0,1,0,0,0,1,0,1
11,2,0,9.29118251800537,10842,1,40,4,1,1,0,1,0,0,0,1,0,1
11,3,0,9.29118251800537,10842,1,40,4,1,1,0,1,0,0,0,1,0,1
12,0,0,9.40598964691162,12161,0,37,2,1,1,1,1,0,0,1,1,0,1
12,1,0,9.40598964691162,12161,0,37,2,1,1,1,1,0,0,1,1,0,1
12,2,0,9.40598964691162,12161,0,37,2,1,1,1,1,0,0,1,1,0,1
12,3,0,9.40598964691162,12161,1,37,2,1,1,1,1,0,0,1,1,0,1
13,0,0,7.5315523147583,1866,0,24,2,0,0,0,0,0,0,1,1,0,1
13,1,0,7.5315523147583,1866,0,24,2,0,0,0,0,0,0,1,1,0,1
13,2,0,7.5315523147583,1866,0,25,2,0,0,0,0,0,0,1,1,0,1
14,0,0,8.38389015197754,4376,0,20,2,1,0,1,1,0,0,0,1,0,1
14,1,0,8.38389015197754,4376,1,20,2,1,0,1,0,0,0,0,1,0,1
14,2,0,8.38389015197754,4376,1,20,2,1,0,1,0,0,0,0,1,0,1
15,0,0,8.18896675109863,3601,0,100,2,1,1,0,0,0,0,0,1,0,1
15,1,0,8.10892391204834,3324,0,220,2,1,1,0,0,0,0,0,1,0,1
15,2,0,8.10892391204834,3324,1,225,2,1,1,1,1,0,0,0,1,0,1
15,3,0,8.10892391204834,3324,0,225,2,1,1,1,1,0,0,0,1,0,1
16,0,0,9.03157234191895,8363,0,23,2,1,0,1,0,0,0,1,1,0,1
16,1,0,9.03157234191895,8363,0,23,2,1,0,1,0,0,0,1,1,0,1
16,2,0,9.03157234191895,8363,1,23,2,1,0,1,0,0,0,1,1,0,1
16,3,0,9.03157234191895,8363,1,23,2,1,0,1,0,0,0,1,1,0,1
16,4,0,9.03157234191895,8363,0,35,2,1,0,1,1,0,0,1,1,0,1
16,5,0,9.03157234191895,8363,1,35,2,1,0,1,1,0,0,1,1,0,1
16,6,0,9.03157234191895,8363,1,35,2,1,0,1,1,0,0,1,1,0,1
16,7,0,9.03157234191895,8363,1,80,2,1,0,1,1,0,0,1,1,0,1
16,8,0,9.03157234191895,8363,1,90,2,1,0,1,1,0,0,1,1,0,1
16,9,0,9.03157234191895,8363,1,120,2,1,0,1,1,0,0,1,1,0,1
16,10,0,9.03157234191895,8363,1,180,2,1,0,1,1,0,0,1,1,0,1
16,11,0,9.03157234191895,8363,1,250,2,1,0,1,1,0,0,1,1,0,1
18,0,0,7.8682541847229,2613,1,25,2,0,0,1,0,0,0,0,1,0,1
18,1,0,7.8682541847229,2613,1,24,2,0,0,1,0,0,0,0,1,0,1
18,2,0,7.8682541847229,2613,1,32,2,0,0,1,0,0,0,0,1,0,1
19,0,0,8.68202972412109,5896,1,46,2,1,1,1,1,0,0,0,1,0,1
19,1,0,8.61740016937256,5527,1,50,2,1,1,1,1,0,0,0,1,0,1
20,0,0,8.35420322418213,4248,0,35,2,1,1,0,0,1,0,1,1,0,1
20,1,0,8.35420322418213,4248,0,65,2,1,1,1,1,1,0,1,1,0,1
21,0,0,8.01598739624023,3029,1,20,2,0,1,0,0,0,0,0,1,0,0
21,1,0,7.82963037490845,2514,1,25,1,0,1,1,1,0,0,0,1,0,0
22,0,0,8.20767402648926,3669,0,40,2,1,0,0,1,0,0,0,1,0,1
22,1,0,8.20767402648926,3669,0,37,2,1,0,1,0,0,0,0,1,0,1
22,2,0,8.20767402648926,3669,0,45,2,1,0,0,0,0,0,0,1,0,1
22,3,0,8.20767402648926,3669,0,45,2,1,0,0,0,0,0,0,1,0,1
23,0,0,8.0771369934082,3220,0,30,4,1,1,1,1,1,0,1,1,0,0
23,1,0,8.0771369934082,3220,0,30,4,1,1,1,1,1,0,1,1,0,0
23,2,0,8.0771369934082,3220,0,40,4,1,1,0,0,1,0,1,1,0,0
23,3,0,8.0771369934082,3220,0,40,4,1,1,0,0,1,0,1,1,0,0
24,0,0,8.01598739624023,3029,1,20,2,0,1,0,0,0,0,0,1,0,0
24,1,0,7.82963037490845,2514,1,25,1,0,1,1,1,0,0,0,1,0,0
25,0,0,7.17242479324341,1303,0,35,2,1,1,1,1,1,0,1,1,0,0
25,1,0,7.17242479324341,1303,0,30,2,1,1,0,0,1,0,1,1,0,0
25,2,0,7.17242479324341,1303,0,30,2,1,1,1,1,1,0,1,1,0,0
25,3,0,7.17242479324341,1303,0,30,2,1,1,1,1,1,0,1,1,0,0
25,4,0,7.17242479324341,1303,0,60,2,1,1,0,0,1,0,1,1,0,0
25,6,0,7.27170372009277,1439,0,60,2,1,1,1,1,1,0,1,1,0,0
27,0,0,7.57404518127441,1947,0,54,2,1,1,0,0,1,1,1,1,0,1
28,0,0,7.21155691146851,1355,0,26,2,1,1,1,1,1,1,1,0,0,1
28,1,0,6.99485015869141,1091,0,36,2,1,1,1,1,1,1,1,0,0,1
29,0,0,7.91717195510864,2744,0,50,2,1,1,0,0,1,1,1,1,0,0
30,0,0,8.0589599609375,3162,0,27,2,0,1,1,1,0,0,0,1,0,1
31,0,0,9.49122428894043,13243,0,60,2,0,1,0,0,0,0,1,1,0,1
31,1,0,9.6876916885376,16118,0,60,3,0,1,0,0,0,0,1,1,0,1
32,0,0,7.43484783172607,1694,0,25,2,1,1,0,0,1,0,1,1,0,0
32,1,0,7.43484783172607,1694,0,28,2,1,1,1,0,1,0,1,1,0,0
32,2,0,7.43484783172607,1694,0,27,2,1,1,0,0,1,0,1,1,0,0
32,3,0,7.43484783172607,1694,0,30,2,1,1,0,1,1,0,1,1,0,0
32,4,0,7.43484783172607,1694,0,28,2,1,1,0,1,1,0,1,1,0,0
33,0,0,8.43771743774414,4618,0,25,2,1,1,1,1,0,0,0,1,0,1
33,1,0,8.33230876922607,4156,1,25,2,1,1,1,1,0,0,0,1,0,1
34,0,0,9.46630001068115,12917,0,28,2,1,1,1,1,0,0,1,1,0,1
34,1,0,9.46630001068115,12917,1,40,2,1,1,1,1,0,0,1,1,0,1
34,2,0,9.46630001068115,12917,1,40,2,1,1,1,1,0,0,1,1,0,1
35,0,0,8.16990280151367,3533,0,45,2,1,1,0,1,1,1,1,0,0,1
35,2,0,8.06463623046875,3180,0,34,2,1,1,1,1,1,1,1,0,0,1
35,3,0,8.06463623046875,3180,0,65,2,1,1,1,1,1,1,1,0,0,1
36,0,0,7.76768732070923,2363,0,38,2,1,1,0,1,1,0,1,1,0,1
37,0,0,8.71506023406982,6094,0,25,3,1,1,0,1,0,0,1,1,0,1
37,1,0,8.71506023406982,6094,0,20,3,1,1,0,0,0,0,1,1,0,1
37,2,0,8.71506023406982,6094,0,25,3,1,1,1,1,0,0,1,1,0,1
37,3,0,8.71506023406982,6094,1,50,3,1,1,1,1,0,0,1,1,0,1
37,4,0,8.71506023406982,6094,1,75,3,1,1,0,1,0,0,1,1,0,1
39,0,0,7.91498279571533,2738,0,20,2,1,0,0,1,0,0,0,1,0,1
40,0,0,8.67077255249023,5830,0,16,2,1,0,0,0,0,0,1,1,0,1
40,1,0,8.67077255249023,5830,0,25,2,1,0,0,0,0,0,1,1,0,1
40,2,0,8.67077255249023,5830,0,25,2,1,0,0,0,0,0,1,1,0,1
40,3,0,8.67077255249023,5830,0,35,2,1,0,0,0,0,0,1,1,0,1
40,4,0,8.67077255249023,5830,1,35,2,1,0,0,0,0,0,1,1,0,1
40,5,0,8.67077255249023,5830,0,50,2,1,0,0,0,0,0,1,1,0,1
40,6,0,8.67077255249023,5830,0,25,2,1,0,0,0,0,0,1,1,0,1
41,0,0,8.87360763549805,7141,0,31,2,1,1,0,0,0,0,1,1,0,1
41,1,0,8.82232189178467,6784,0,32,2,1,1,0,0,0,0,1,1,0,1
41,3,0,8.82232189178467,6784,1,23,2,1,1,0,0,0,0,1,1,0,1
41,4,0,8.82232189178467,6784,1,65,2,1,1,0,0,0,0,1,1,0,1
42,0,0,9.06195640563965,8621,0,25,2,1,1,0,0,0,0,0,1,0,1
42,1,0,9.06195640563965,8621,0,35,2,1,1,0,0,0,0,0,1,0,1
42,2,0,9.06195640563965,8621,0,32,2,1,1,0,0,0,0,0,1,0,1
42,3,0,9.06195640563965,8621,0,43,2,1,1,0,0,0,0,0,1,0,1
42,4,0,9.06195640563965,8621,0,34,2,1,1,0,0,0,0,0,1,0,1
42,5,0,9.06195640563965,8621,0,36,2,1,1,0,0,0,0,0,1,0,1
43,0,0,7.19967842102051,1339,0,15,2,0,0,0,0,0,0,0,1,0,1
44,0,0,9.22513008117676,10149,0,64,2,1,1,1,0,0,0,1,1,1,1
44,1,0,9.22513008117676,10149,0,72,2,1,1,1,0,0,0,1,1,1,1
44,2,0,9.22513008117676,10149,0,58,2,1,1,1,0,0,0,1,1,1,1
44,3,0,9.22513008117676,10149,0,72,2,1,1,1,1,0,0,1,1,1,1
44,4,0,9.22513008117676,10149,1,72,2,1,1,1,1,0,0,1,1,1,1
45,0,0,9.62858963012695,15193,0,50,2,0,0,1,1,0,0,0,1,0,1
45,1,0,9.85172080993652,18991,1,50,2,0,0,1,0,0,0,0,1,0,1
45,2,0,9.85172080993652,18991,1,40,2,0,0,1,0,0,0,0,1,0,1
46,0,0,8.48982238769531,4865,0,20,2,1,0,0,1,0,1,0,1,0,1
46,1,0,8.660080909729,5768,0,20,4,1,0,0,1,0,1,0,1,0,1
46,3,0,8.660080909729,5768,0,40,4,1,0,0,0,0,1,0,1,0,1
47,0,0,8.78400897979736,6529,1,26,2,1,1,1,1,0,0,1,1,0,1
47,1,0,8.78400897979736,6529,1,40,2,1,1,1,1,0,0,1,1,0,1
48,0,0,6.90775537490845,1000,0,16,2,1,1,0,0,1,0,0,1,0,1
48,3,0,7.77779245376587,2387,0,16,4,1,1,0,0,1,0,0,1,0,1
48,4,0,7.77779245376587,2387,0,16,4,1,1,1,1,1,0,0,1,0,1
48,5,0,7.77779245376587,2387,0,104,4,1,1,1,1,1,0,0,1,0,1
48,6,0,7.77779245376587,2387,0,80,4,1,1,0,0,1,0,0,1,0,1
49,0,0,8.24722003936768,3817,0,50,2,1,1,0,0,1,1,1,1,0,1
49,2,0,8.86672306060791,7092,0,60,4,1,1,1,1,1,1,1,1,0,1
50,0,0,8.24722003936768,3817,0,50,2,1,1,0,0,1,1,1,1,0,1
50,2,0,8.86672306060791,7092,0,60,4,1,1,1,1,1,1,1,1,0,1
51,0,0,7.63530397415161,2070,0,50,2,1,1,1,0,0,0,1,0,0,1
52,0,0,7.64539766311646,2091,0,44,2,1,0,0,0,1,1,1,1,1,0
53,0,0,8.15622329711914,3485,0,48,2,1,1,0,1,0,0,1,1,0,1
56,0,0,7.55851697921753,1917,0,25,2,1,1,0,0,1,1,1,1,0,0
57,0,0,8.25035858154297,3829,0,35,2,1,0,1,1,0,0,0,0,0,1
57,1,0,8.25035858154297,3829,1,35,2,1,0,1,1,0,0,0,0,0,1
57,3,0,8.43858242034912,4622,1,35,3,1,0,1,1,0,0,0,0,0,1
58,0,0,8.89371013641357,7286,0,46,2,1,1,1,0,0,0,1,1,0,1
58,1,0,8.89371013641357,7286,1,48,2,1,1,1,0,0,0,1,1,0,1
59,0,0,8.26513576507568,3886,0,32,2,1,0,1,1,0,0,1,1,0,0
59,1,0,8.26513576507568,3886,0,41,2,1,0,1,0,0,0,1,1,0,0
60,0,0,7.50439167022705,1816,0,60,2,1,1,1,1,1,0,1,1,0,0
60,1,0,7.39878606796265,1634,0,60,2,1,1,1,1,1,0,1,1,0,0
60,2,0,7.39878606796265,1634,0,35,2,1,1,1,1,1,0,1,1,0,0
60,3,0,7.39878606796265,1634,0,75,2,1,1,0,1,1,0,1,1,0,0
60,4,0,7.39878606796265,1634,0,60,2,1,1,0,0,1,0,1,1,0,0
60,5,0,7.39878606796265,1634,0,45,2,1,1,1,1,1,0,1,1,0,0
61,0,0,8.8651704788208,7081,0,33,2,1,1,1,1,0,0,0,1,0,1
61,1,0,8.81388473510742,6727,1,34,2,1,1,1,1,0,0,0,1,0,1
61,2,0,8.81388473510742,6727,0,33,2,1,1,1,1,0,0,0,1,0,1
61,3,0,8.81388473510742,6727,0,33,2,1,1,1,1,0,0,0,1,0,1
61,4,0,8.81388473510742,6727,1,60,2,1,1,1,1,0,0,0,1,0,1
61,5,0,8.81388473510742,6727,1,60,2,1,1,1,1,0,0,0,1,0,1
61,6,0,8.81388473510742,6727,1,62,2,1,1,1,1,0,0,0,1,0,1
63,0,0,8.5615930557251,5227,1,43,2,1,1,1,0,0,0,0,1,0,1
64,0,0,7.35755634307861,1568,0,24,2,1,1,0,0,1,1,1,1,0,0
64,1,0,7.35755634307861,1568,0,24,2,1,1,1,0,1,1,1,1,0,0
64,2,0,7.35755634307861,1568,0,24,2,1,1,0,0,1,1,1,1,0,0
65,0,0,8.17301177978516,3544,0,36,3,0,1,0,1,0,0,0,1,0,0
65,1,0,8.17301177978516,3544,1,30,3,0,1,0,1,0,0,0,1,0,0
65,2,0,8.17301177978516,3544,1,30,3,0,1,0,1,0,0,0,1,0,0
65,3,0,8.17301177978516,3544,1,35,3,0,1,1,0,0,0,0,1,0,0
65,4,0,8.17301177978516,3544,1,36,3,1,1,1,0,0,0,0,1,0,0
65,5,0,8.17301177978516,3544,1,36,3,1,1,1,0,0,0,0,1,0,0
65,6,0,8.17301177978516,3544,1,36,3,1,1,1,0,0,0,0,1,0,0
65,7,0,8.17301177978516,3544,1,36,3,1,1,1,0,0,0,0,1,0,0
66,0,0,8.89904880523682,7325,0,20,2,1,1,0,0,0,0,1,1,0,1
66,1,0,8.89904880523682,7325,1,60,2,1,1,1,0,0,0,1,1,0,1
69,0,0,7.81682014465332,2482,0,24,2,1,0,1,1,0,0,0,1,0,0
69,3,0,7.92840623855591,2775,1,26,3,1,0,1,0,0,0,0,1,0,0
69,4,0,7.90285730361938,2705,1,24,2,1,0,1,0,0,0,0,1,0,0
70,0,0,8.58129405975342,5331,0,22,2,1,1,0,1,0,0,0,0,0,1
70,1,0,8.58129405975342,5331,0,30,2,1,1,1,0,0,0,0,0,0,1
70,2,0,8.58129405975342,5331,1,22,2,1,1,0,1,0,0,0,0,0,1
70,3,0,8.58129405975342,5331,0,30,2,1,1,0,1,0,0,0,0,0,1
71,0,0,7.45991468429565,1737,0,25,2,1,1,1,0,1,1,0,1,0,0
71,1,0,7.35179996490479,1559,0,40,2,1,1,0,1,1,1,0,1,0,0
71,2,0,7.35179996490479,1559,0,25,2,1,1,1,0,1,1,0,1,0,0
71,3,0,7.45991468429565,1737,0,40,2,1,1,0,1,1,1,0,1,0,0
72,0,0,7.89394521713257,2681,0,28,2,0,1,0,0,0,0,0,1,0,1
74,0,0,7.12849617004395,1247,0,16,2,0,1,0,0,1,0,1,1,0,0
74,1,0,7.12849617004395,1247,0,16,2,0,1,0,0,1,0,1,1,0,0
74,2,0,7.12849617004395,1247,0,16,2,0,1,0,0,1,0,1,1,0,0
75,0,0,8.75463390350342,6340,0,18,2,1,1,0,0,0,0,1,1,0,1
75,1,0,8.80597496032715,6674,0,16,2,1,1,1,0,0,0,1,1,0,1
75,2,0,8.80597496032715,6674,0,24,2,1,1,0,0,0,0,1,1,0,1
76,0,0,7.45991468429565,1737,0,25,2,1,1,1,0,1,1,0,1,0,0
76,1,0,7.35179996490479,1559,0,40,2,1,1,0,1,1,1,0,1,0,0
76,2,0,7.35179996490479,1559,0,25,2,1,1,1,0,1,1,0,1,0,0
76,3,0,7.45991468429565,1737,0,40,2,1,1,0,1,1,1,0,1,0,0
77,0,0,8.87584590911865,7157,1,40,2,1,1,0,1,0,0,1,1,0,1
77,1,0,8.82453060150146,6799,1,40,2,1,1,1,0,0,0,1,1,0,1
77,2,0,8.82453060150146,6799,1,40,2,1,1,0,1,0,0,1,1,0,1
78,0,0,7.29029273986816,1466,0,16,2,1,0,1,1,1,1,1,1,0,0
78,1,0,7.29029273986816,1466,0,25,2,1,0,1,1,1,1,1,1,0,0
78,2,0,7.29029273986816,1466,0,28,2,1,0,1,1,1,1,1,1,0,0
79,0,0,7.8682541847229,2613,1,25,2,0,0,1,0,0,0,0,1,0,1
79,1,0,7.8682541847229,2613,1,24,2,0,0,1,0,0,0,0,1,0,1
79,2,0,7.8682541847229,2613,1,32,2,0,0,1,0,0,0,0,1,0,1
80,0,0,6.54102993011475,693,0,22,2,1,1,0,0,1,1,0,1,0,0
80,1,0,6.54102993011475,693,0,20,2,1,1,0,0,1,1,0,1,0,0
81,0,0,7.37900829315186,1602,0,24,2,1,1,0,0,1,1,1,0,0,1
81,1,0,7.37900829315186,1602,0,39,2,1,1,1,1,1,1,1,0,0,1
81,2,0,7.37900829315186,1602,0,39,2,1,1,0,1,1,1,1,0,0,1
82,0,0,6.79234457015991,891,0,24,2,1,1,0,0,1,0,0,1,0,0
82,1,0,6.79234457015991,891,0,24,2,1,1,0,0,1,0,0,1,0,0
82,2,0,6.81234502792358,909,0,30,3,1,1,0,0,1,0,0,1,0,0
83,0,0,7.8682541847229,2613,0,20,2,0,0,0,0,0,0,1,1,0,0
83,1,0,7.54009008407593,1882,0,35,2,0,0,1,0,0,0,1,1,0,0
84,0,0,7.95542526245117,2851,0,20,2,1,1,0,0,0,1,0,0,0,0
85,0,0,6.80239486694336,900,0,17,2,1,1,1,0,1,1,1,1,0,0
85,1,0,6.80239486694336,900,0,20,2,1,1,1,0,1,1,1,1,0,0
85,2,0,6.80239486694336,900,0,18,2,1,1,1,0,1,1,1,1,0,0
86,0,0,7.39326286315918,1625,0,16,2,1,1,0,1,1,1,1,1,0,0
86,1,0,7.39326286315918,1625,0,16,2,1,1,1,1,1,1,1,1,0,0
87,0,0,8.56959629058838,5269,0,35,2,1,1,1,1,0,0,1,1,0,1
87,1,0,8.79270172119141,6586,1,35,2,1,1,1,1,0,0,1,1,0,1
87,2,0,8.79270172119141,6586,1,45,2,1,1,0,0,0,0,1,1,0,1
87,3,0,8.79270172119141,6586,1,35,2,1,1,1,1,0,0,1,1,0,1
87,4,0,8.79270172119141,6586,1,60,2,1,1,1,1,0,0,1,1,0,1
88,0,0,8.23297214508057,3763,0,20,2,0,0,0,0,0,0,0,1,0,0
88,1,0,7.94555521011353,2823,1,25,2,0,0,0,0,0,0,0,1,0,0
88,2,0,7.94555521011353,2823,1,25,2,0,0,0,0,0,0,0,1,0,0
88,3,0,7.94555521011353,2823,1,45,2,0,0,0,0,0,0,0,1,0,0
89,0,0,7.27031278610229,1437,0,24,2,1,1,1,1,1,0,1,1,0,0
89,1,0,7.17548990249634,1307,0,38,2,1,1,1,1,1,0,1,1,0,0
90,0,0,7.34342622756958,1546,0,18,2,1,1,0,0,1,0,1,1,0,1
91,0,0,7.00124549865723,1098,0,34,2,1,1,1,0,1,0,1,1,0,0
91,1,0,7.00124549865723,1098,0,53,2,1,1,1,0,1,0,1,1,0,0
91,2,0,7.40610361099243,1646,0,53,3,1,1,1,0,1,0,1,1,0,0
91,3,0,7.40610361099243,1646,0,88,3,1,1,1,0,1,0,1,1,0,0
92,0,0,7.6820216178894,2169,0,18,2,1,1,0,0,0,0,0,1,0,1
92,1,0,7.45876264572144,1735,1,22,2,1,1,0,0,0,0,0,1,0,1
93,0,0,9.16847610473633,9590,0,20,2,1,1,0,0,0,0,1,1,0,1
93,1,0,9.16847610473633,9590,0,35,2,1,1,0,0,0,0,1,1,0,1
93,2,0,9.16847610473633,9590,0,40,2,1,1,0,0,0,0,1,1,0,1
95,0,0,9.57727241516113,14433,1,39,2,1,1,1,1,0,0,1,1,1,1
97,0,0,8.74385070800781,6272,0,37,2,1,1,1,1,0,0,0,1,0,1
97,1,0,8.74385070800781,6272,0,37,2,1,1,1,1,0,0,0,1,0,1
99,0,0,9.29624271392822,10897,0,20,2,1,1,0,0,0,0,1,1,0,1
99,1,0,9.29624271392822,10897,0,35,2,1,1,0,0,0,0,1,1,0,1
99,2,0,9.29624271392822,10897,0,40,2,1,1,0,0,0,0,1,1,0,1
100,0,0,8.87178611755371,7128,0,37,2,1,1,1,1,0,0,0,1,0,1
100,1,0,8.87178611755371,7128,0,37,2,1,1,1,1,0,0,0,1,0,1
102,0,0,7.63385343551636,2067,0,30,2,1,0,0,0,1,0,1,1,0,1
102,1,0,7.63385343551636,2067,0,30,2,1,0,0,1,1,0,1,1,0,1
102,4,0,7.8864574432373,2661,0,30,3,1,0,0,1,1,0,1,1,0,1
104,0,0,7.12849617004395,1247,0,16,2,0,1,0,0,1,0,1,1,0,0
104,1,0,7.12849617004395,1247,0,16,2,0,1,0,0,1,0,1,1,0,0
104,2,0,7.12849617004395,1247,0,16,2,0,1,0,0,1,0,1,1,0,0
105,0,0,7.506591796875,1820,0,24,2,1,1,0,0,1,1,1,0,0,1
105,1,0,7.506591796875,1820,0,39,2,1,1,1,1,1,1,1,0,0,1
105,2,0,7.506591796875,1820,0,39,2,1,1,0,1,1,1,1,0,0,1
106,0,0,9.15736103057861,9484,0,30,2,1,1,1,0,0,0,1,1,1,1
106,1,0,9.15736103057861,9484,0,30,2,1,1,1,1,0,0,1,1,1,1
106,2,0,9.15736103057861,9484,1,30,2,1,1,1,0,0,0,1,1,1,1
106,3,0,9.15736103057861,9484,1,30,2,1,1,1,1,0,0,1,1,1,1
107,0,0,9.57727241516113,14433,1,39,2,1,1,1,1,0,0,1,1,1,1
108,0,0,7.21670961380005,1362,0,26,2,1,1,1,1,1,1,1,1,0,0
108,1,0,7.21670961380005,1362,0,70,2,1,1,1,1,1,1,1,1,0,0
108,3,0,8.31262588500977,4075,0,70,1,1,1,1,1,1,1,1,1,0,0
109,0,0,6.79234457015991,891,0,24,2,1,1,0,0,1,0,0,1,0,0
109,1,0,6.79234457015991,891,0,24,2,1,1,0,0,1,0,0,1,0,0
109,2,0,6.81234502792358,909,0,30,3,1,1,0,0,1,0,0,1,0,0
111,0,0,6.54102993011475,693,0,22,2,1,1,0,0,1,1,0,1,0,0
111,1,0,6.54102993011475,693,0,20,2,1,1,0,0,1,1,0,1,0,0
112,0,0,7.11882638931274,1235,0,21,2,1,1,0,1,1,0,1,1,0,0
114,0,0,7.96380805969238,2875,0,20,2,1,1,1,0,1,0,1,1,0,0
114,1,0,7.80139112472534,2444,0,25,2,1,1,0,1,1,0,1,1,0,0
114,2,0,7.80139112472534,2444,0,25,2,1,1,0,0,1,0,1,1,0,0
115,0,0,6.69826793670654,811,0,20,2,0,1,0,0,0,0,0,0,0,1
115,1,0,6.69826793670654,811,0,20,2,0,1,0,1,0,0,0,0,0,1
115,2,0,6.69826793670654,811,0,25,2,0,1,0,1,0,0,0,0,0,1
115,3,0,6.69826793670654,811,0,20,2,0,1,0,0,0,0,0,0,0,1
116,0,0,7.08338785171509,1192,0,50,2,1,0,1,0,1,1,1,1,0,1
116,1,0,7.08338785171509,1192,0,60,2,1,0,1,0,1,1,1,1,0,1
116,2,0,7.30653142929077,1490,0,90,3,1,0,1,0,1,1,1,1,0,1
117,0,0,7.39326286315918,1625,0,16,2,1,1,0,1,1,1,1,1,0,0
117,1,0,7.39326286315918,1625,0,16,2,1,1,1,1,1,1,1,1,0,0
118,0,0,8.50795078277588,4954,0,45,2,1,1,0,0,0,0,0,0,0,1
118,1,0,8.86672306060791,7092,0,55,4,1,1,0,0,0,0,0,0,0,1
118,2,0,9.15873146057129,9497,0,120,2,1,1,1,1,0,0,0,0,0,1
119,0,0,7.12849617004395,1247,0,34,2,1,1,1,0,1,0,1,1,0,0
119,1,0,7.12849617004395,1247,0,53,2,1,1,1,0,1,0,1,1,0,0
119,2,0,7.53422832489014,1871,0,53,3,1,1,1,0,1,0,1,1,0,0
119,3,0,7.53422832489014,1871,0,88,3,1,1,1,0,1,0,1,1,0,0
120,0,0,7.47136306762695,1757,0,18,2,1,1,0,0,1,0,1,1,0,1
127,0,0,7.06987428665161,1176,0,27,2,1,0,0,0,1,1,1,1,0,0
127,1,0,7.00760078430176,1105,0,28,2,1,0,1,1,1,1,1,1,0,0
127,2,0,7.00760078430176,1105,0,41,2,1,0,0,0,1,1,1,1,0,0
128,0,0,8.93892574310303,7623,0,18,2,1,0,0,0,0,0,1,1,0,1
128,1,0,8.93892574310303,7623,1,18,2,1,0,1,0,0,0,1,1,0,1
129,0,0,7.47703838348389,1767,0,25,2,1,0,0,1,1,0,0,1,0,0
129,1,0,7.42535781860352,1678,0,25,2,1,0,0,0,1,0,0,1,0,0
129,2,0,7.42535781860352,1678,0,40,2,1,0,0,0,1,0,0,1,0,0
129,3,0,7.42535781860352,1678,0,40,2,1,0,0,0,1,0,0,1,0,0
130,0,0,8.01334285736084,3021,0,28,2,1,1,0,0,1,1,1,1,0,1
130,1,0,8.01334285736084,3021,0,51,2,1,1,1,0,1,1,1,1,0,1
130,2,0,8.01334285736084,3021,0,122,2,1,1,1,0,1,1,1,1,0,1
130,3,0,8.21256828308105,3687,0,221,2,1,1,1,1,1,1,1,1,0,1
131,0,0,7.60539245605469,2009,0,21,2,1,1,0,0,1,1,1,1,0,1
131,1,0,7.60539245605469,2009,0,21,2,1,1,0,0,1,1,1,1,0,1
131,2,0,7.60539245605469,2009,0,21,2,1,1,0,1,1,1,1,1,0,1
131,3,0,7.60539245605469,2009,0,39,2,1,1,0,1,1,1,1,1,0,1
131,4,0,7.60539245605469,2009,0,39,2,1,1,0,1,1,1,1,1,0,1
131,5,0,7.60539245605469,2009,0,39,2,1,1,1,1,1,1,1,1,0,1
131,6,0,7.60539245605469,2009,0,36,2,0,1,0,0,1,0,1,1,0,1
132,0,0,7.59890031814575,1996,0,40,2,1,1,0,0,1,0,0,1,0,0
132,1,0,7.48549175262451,1782,0,40,2,1,1,0,0,1,0,0,1,0,0
132,2,0,7.48549175262451,1782,0,40,2,1,1,0,0,1,0,0,1,0,0
133,0,0,7.95366954803467,2846,0,25,2,0,1,0,0,0,0,0,1,0,0
134,0,0,7.04141187667847,1143,0,19,2,1,1,1,1,1,0,1,1,0,0
134,1,0,6.99025630950928,1086,0,39,2,1,1,1,0,1,0,1,1,0,0
134,2,0,7.48042821884155,1773,0,69,3,1,1,1,1,1,1,1,1,0,0
134,3,0,7.48042821884155,1773,0,69,3,1,1,1,1,1,1,1,1,0,0
134,4,0,7.48042821884155,1773,0,99,3,1,1,1,1,1,1,1,1,0,0
136,0,0,8.2802038192749,3945,0,16,2,1,0,1,1,0,0,0,1,0,1
136,1,0,8.2802038192749,3945,1,16,2,1,0,1,0,0,0,0,1,0,1
136,2,0,8.2802038192749,3945,1,30,2,1,0,1,0,0,0,0,1,0,1
136,3,0,8.2802038192749,3945,0,30,2,1,0,1,0,0,0,0,1,0,1
137,0,0,8.40491962432861,4469,0,250,1,1,1,1,1,1,1,1,1,1,0
137,1,0,8.35349750518799,4245,0,200,1,1,1,1,1,1,1,1,1,1,0
137,2,0,8.35349750518799,4245,0,250,1,1,1,1,1,1,1,1,1,1,0
137,3,0,8.35349750518799,4245,0,310,1,1,1,1,1,1,1,1,1,1,0
138,0,0,7.219642162323,1366,0,45,2,1,1,0,0,1,1,1,1,0,1
138,1,0,7.219642162323,1366,0,45,2,1,1,1,0,1,1,1,1,0,1
138,2,0,7.219642162323,1366,0,45,2,1,1,0,0,1,1,1,1,0,1
138,3,0,7.219642162323,1366,0,60,2,1,1,0,0,1,0,1,1,0,1
139,0,0,7.894690990448,2683,0,32,2,1,1,1,0,1,1,1,1,0,0
139,1,0,7.73280763626099,2282,0,32,2,1,1,0,0,1,1,1,1,0,0
139,2,0,7.73280763626099,2282,0,80,2,1,1,1,0,1,1,1,1,0,0
140,0,0,7.33823823928833,1538,0,43,2,1,1,1,1,1,1,1,1,0,0
140,1,0,7.33823823928833,1538,0,43,2,1,1,1,1,1,1,1,1,0,0
140,2,0,7.33823823928833,1538,0,43,2,1,1,1,1,1,1,1,1,0,0
140,3,0,7.33823823928833,1538,0,43,2,1,1,1,1,1,1,1,1,0,0
140,4,0,7.33823823928833,1538,0,43,2,1,1,1,1,1,1,1,1,0,0
140,5,0,7.33823823928833,1538,0,43,2,1,1,1,1,1,1,1,1,0,0
140,6,0,7.33823823928833,1538,0,138,2,1,1,1,1,1,1,1,1,0,0
140,7,0,7.33823823928833,1538,0,90,2,1,1,1,1,1,1,1,1,0,0
140,8,0,7.33823823928833,1538,0,138,2,1,1,1,1,1,1,1,1,0,0
142,0,0,8.80717277526855,6682,0,45,2,1,1,0,1,1,0,1,1,1,1
142,1,0,8.70184516906738,6014,1,50,2,1,1,0,1,1,0,1,1,1,1
142,2,0,8.70184516906738,6014,1,60,2,1,1,0,1,1,0,1,1,1,1
143,0,0,8.6894645690918,5940,1,43,2,1,1,1,0,0,0,0,1,0,1
144,0,0,6.79234457015991,891,0,20,3,1,1,0,0,1,1,0,1,0,0
145,0,0,8.99293041229248,8046,0,33,2,1,1,1,1,0,0,0,1,0,1
145,1,0,8.94167613983154,7644,1,34,2,1,1,1,1,0,0,0,1,0,1
145,2,0,8.94167613983154,7644,0,33,2,1,1,1,1,0,0,0,1,0,1
145,3,0,8.94167613983154,7644,0,33,2,1,1,1,1,0,0,0,1,0,1
145,4,0,8.94167613983154,7644,1,60,2,1,1,1,1,0,0,0,1,0,1
145,5,0,8.94167613983154,7644,1,60,2,1,1,1,1,0,0,0,1,0,1
145,6,0,8.94167613983154,7644,1,62,2,1,1,1,1,0,0,0,1,0,1
146,0,0,7.4181809425354,1666,0,16,2,1,0,1,1,1,1,1,1,0,0
146,1,0,7.4181809425354,1666,0,25,2,1,0,1,1,1,1,1,1,0,0
146,2,0,7.4181809425354,1666,0,28,2,1,0,1,1,1,1,1,1,0,0
148,0,0,7.58324766159058,1965,0,60,2,1,1,1,0,1,1,1,1,0,0
148,1,0,7.47760438919067,1768,0,75,2,1,1,1,0,1,1,1,1,0,0
148,2,0,7.47760438919067,1768,0,65,2,1,1,1,1,1,1,1,1,0,0
149,0,0,6.79234457015991,891,0,20,3,1,1,0,0,1,1,0,1,0,0
150,0,0,6.81234502792358,909,0,18,2,0,0,0,0,1,0,0,1,0,0
150,1,0,6.81234502792358,909,0,24,2,1,0,1,0,1,0,0,1,0,0
150,2,0,6.81234502792358,909,0,24,2,1,0,0,0,1,0,0,1,0,0
150,3,0,6.81234502792358,909,0,24,2,0,0,1,0,1,0,0,1,0,0
150,4,0,6.81234502792358,909,0,24,2,1,0,0,0,1,0,0,1,0,0
152,0,0,8.2839994430542,3960,0,48,2,1,1,0,1,0,0,1,1,0,1
153,0,0,7.68616247177124,2178,0,32,2,1,1,1,0,1,0,1,1,0,0
153,1,0,7.68616247177124,2178,0,32,2,1,1,0,1,1,0,1,1,0,0
153,2,0,7.85321617126465,2574,0,42,3,1,1,0,1,1,0,1,1,0,0
153,3,0,7.85321617126465,2574,0,42,3,1,1,1,0,1,0,1,1,0,0
153,4,0,7.85321617126465,2574,0,36,3,1,1,0,1,1,0,1,1,0,0
153,6,0,7.9963173866272,2970,0,52,4,1,1,1,0,1,0,1,1,0,0
157,0,0,6.48157691955566,653,0,25,2,1,0,0,0,1,0,0,0,0,0
158,0,0,8.64857196807861,5702,0,35,2,1,1,1,0,0,0,0,1,0,1
158,1,0,8.87178611755371,7128,1,35,2,1,1,1,0,0,0,0,1,0,1
158,2,0,8.87178611755371,7128,1,50,2,1,1,1,0,0,0,0,1,0,1
159,0,0,6.10255861282349,447,0,25,1,1,1,1,1,1,0,1,1,1,1
159,1,0,6.10255861282349,447,0,20,1,1,1,1,1,1,0,1,1,1,1
163,0,0,7.37775897979736,1600,0,25,2,1,1,0,0,1,1,0,0,0,0
163,1,0,7.37775897979736,1600,0,36,2,1,1,0,0,1,1,0,0,0,0
163,2,0,7.37775897979736,1600,0,44,2,1,1,0,1,1,1,0,0,0,0
163,3,0,7.37775897979736,1600,0,61,2,1,1,1,0,1,1,0,0,0,0
165,0,0,8.88253021240234,7205,0,18,2,1,1,0,0,0,0,1,1,0,1
165,1,0,8.93379592895508,7584,0,16,2,1,1,1,0,0,0,1,1,0,1
165,2,0,8.93379592895508,7584,0,24,2,1,1,0,0,0,0,1,1,0,1
166,0,0,7.6251072883606,2049,0,40,2,1,1,1,1,1,1,1,1,0,0
166,2,0,7.66762590408325,2138,0,88,4,1,1,1,1,1,1,1,1,0,0
167,0,0,7.3031702041626,1485,0,40,2,1,1,1,1,1,1,1,1,0,0
167,1,0,7.3031702041626,1485,0,40,2,1,1,1,1,1,1,1,1,0,0
168,0,0,8.36100673675537,4277,0,20,2,0,0,0,0,0,0,0,1,0,0
168,1,0,8.07309150695801,3207,1,25,2,0,0,0,0,0,0,0,1,0,0
168,2,0,8.07309150695801,3207,1,25,2,0,0,0,0,0,0,0,1,0,0
168,3,0,8.07309150695801,3207,1,45,2,0,0,0,0,0,0,0,1,0,0
169,0,0,7.75833368301392,2341,0,30,2,1,1,1,1,1,1,1,1,0,1
169,1,0,7.6629376411438,2128,0,34,2,1,1,1,1,1,1,1,1,0,1
169,2,0,7.75833368301392,2341,0,34,2,1,1,1,1,1,1,1,1,0,1
169,3,0,7.75833368301392,2341,0,112,2,1,1,1,1,1,1,1,1,0,1
170,0,0,7.35755634307861,1568,0,21,2,1,0,0,0,1,1,1,1,0,0
170,1,0,7.35755634307861,1568,0,21,2,1,0,0,0,1,1,1,1,0,0
170,2,0,7.35755634307861,1568,0,21,2,1,0,0,0,1,1,1,1,0,0
170,3,0,7.35755634307861,1568,0,26,2,1,0,0,0,1,1,1,1,0,0
170,4,0,7.35755634307861,1568,0,23,2,1,0,1,0,1,1,1,1,0,0
170,5,0,7.35755634307861,1568,0,30,2,1,0,1,0,1,1,1,1,0,0
171,0,0,6.43454647064209,623,0,18,2,1,1,0,0,1,0,0,1,0,0
171,1,0,6.38350677490234,592,0,18,2,1,1,0,0,1,0,0,1,0,0
171,2,0,6.59030103683472,728,0,41,2,1,1,0,0,1,0,0,1,0,0
172,0,0,8.09162712097168,3267,0,45,2,1,1,0,1,0,0,0,0,0,0
172,1,0,8.09162712097168,3267,0,38,2,1,1,0,1,0,0,0,0,0,0
173,0,0,9.15936279296875,9503,0,50,2,1,1,1,1,0,0,0,1,1,0
174,0,0,6.43454647064209,623,0,18,2,1,1,0,0,1,0,0,1,0,0
174,1,0,6.38350677490234,592,0,18,2,1,1,0,0,1,0,0,1,0,0
174,2,0,6.59030103683472,728,0,41,2,1,1,0,0,1,0,0,1,0,0
175,0,0,7.77611541748047,2383,0,120,4,1,1,0,0,1,1,1,1,0,0
175,1,0,7.6123366355896,2023,0,180,4,1,1,1,0,1,1,1,1,0,0
176,0,0,9.19826793670654,9880,1,30,2,0,1,1,1,0,0,1,1,0,1
176,1,0,9.19826793670654,9880,1,35,2,0,1,1,1,0,0,1,1,0,1
176,2,0,9.19826793670654,9880,1,25,2,0,1,1,1,0,0,1,1,0,1
176,3,0,9.19826793670654,9880,1,35,2,0,1,1,1,0,0,1,1,0,1
176,4,0,9.19826793670654,9880,1,25,2,0,1,1,1,0,0,1,1,0,1
176,5,0,9.19826793670654,9880,1,30,2,0,1,1,1,0,0,1,1,0,1
176,6,0,9.19826793670654,9880,1,45,2,0,1,1,1,0,0,1,1,0,1
176,7,0,9.19826793670654,9880,1,60,2,0,1,1,1,0,0,1,1,0,1
177,0,0,8.09285068511963,3271,0,20,2,1,1,1,0,1,1,1,1,0,1
177,1,0,8.09285068511963,3271,0,20,2,1,1,1,0,1,1,1,1,0,1
178,0,0,6.80239486694336,900,0,20,2,1,1,1,1,1,1,0,1,0,0
178,1,0,7.20785999298096,1350,0,45,2,1,1,1,0,1,1,0,1,0,0
178,2,0,7.09007692337036,1200,0,30,2,1,1,1,1,1,1,0,1,0,0
179,0,0,6.897705078125,990,0,24,2,0,1,0,0,1,0,1,1,0,0
179,1,0,7.23417711257935,1386,0,60,4,1,1,0,1,1,0,1,1,0,0
181,0,0,7.13648319244385,1257,0,42,2,1,1,0,0,1,1,1,1,0,0
181,1,0,7.30249643325806,1484,0,60,3,1,1,0,0,1,1,1,1,0,0
182,0,0,8.50795078277588,4954,0,45,2,1,1,0,0,0,0,0,0,0,1
182,1,0,8.86672306060791,7092,0,55,4,1,1,0,0,0,0,0,0,0,1
182,2,0,9.15873146057129,9497,0,120,2,1,1,1,1,0,0,0,0,0,1
183,0,0,7.08002662658691,1188,0,15,2,1,1,0,0,1,1,0,0,0,0
183,1,0,7.08002662658691,1188,0,15,2,1,1,0,0,1,1,0,0,0,0
183,2,0,7.08002662658691,1188,0,23,2,1,1,1,1,1,1,0,0,0,0
183,3,0,7.08002662658691,1188,0,23,2,1,1,1,1,1,1,0,0,0,0
183,4,0,7.08002662658691,1188,0,28,2,1,1,0,0,1,1,0,0,0,0
184,0,0,5.92958927154541,376,0,60,2,1,1,0,0,0,0,0,0,0,1
188,0,0,7.74759674072266,2316,0,40,2,1,1,1,1,0,0,1,1,0,1
188,1,0,7.74759674072266,2316,0,40,2,1,1,1,1,0,0,1,1,0,1
189,0,0,7.56527519226074,1930,0,25,2,1,1,0,0,0,0,0,1,0,0
189,1,0,7.56527519226074,1930,0,35,2,1,1,1,0,0,0,0,1,0,0
189,2,0,7.56527519226074,1930,0,45,2,1,1,0,0,0,0,0,1,0,0
190,0,0,6.47697257995605,650,0,20,2,1,1,0,0,1,0,0,0,0,1
190,1,0,6.47697257995605,650,0,20,2,1,1,0,0,1,0,0,0,0,1
190,2,0,6.47697257995605,650,0,20,2,1,1,0,0,1,0,0,0,0,1
190,3,0,6.47697257995605,650,0,60,2,0,1,0,0,1,0,0,0,0,1
192,0,0,6.4922399520874,660,0,25,2,1,0,1,1,1,0,0,1,0,0
192,1,0,6.32972097396851,561,0,25,2,0,0,1,0,1,0,0,1,0,0
194,0,0,7.48549175262451,1782,0,24,4,1,0,0,1,1,1,1,1,0,0
194,1,0,7.48549175262451,1782,0,20,4,1,0,0,1,1,1,1,1,0,0
194,2,0,7.48549175262451,1782,0,55,4,1,0,0,1,1,1,1,1,0,0
194,3,0,7.48549175262451,1782,0,55,4,1,0,0,1,1,1,1,1,0,0
194,4,0,7.48549175262451,1782,0,65,4,1,0,0,1,1,1,1,1,0,0
194,5,0,7.48549175262451,1782,0,75,4,1,0,0,1,1,1,1,1,0,0
195,0,0,5.97380971908569,393,0,25,1,1,1,1,1,1,0,1,1,1,1
195,1,0,5.97380971908569,393,0,20,1,1,1,1,1,1,0,1,1,1,1
196,0,0,7.09007692337036,1200,0,30,2,1,1,1,1,1,1,1,1,0,1
196,1,0,7.09007692337036,1200,0,34,2,1,1,1,1,1,1,1,1,0,1
196,2,0,7.09007692337036,1200,0,34,2,1,1,1,1,1,1,1,1,0,1
197,0,0,7.92732429504395,2772,0,22,2,0,1,1,0,1,0,1,1,0,0
197,1,0,7.92732429504395,2772,0,70,2,0,1,0,0,1,0,1,1,0,0
197,2,0,7.92732429504395,2772,0,110,2,0,1,1,1,1,0,1,1,0,0
198,0,0,7.38398933410645,1610,0,16,2,1,1,1,0,1,0,1,0,0,1
198,1,0,7.27862882614136,1449,0,16,2,1,1,1,0,1,0,1,0,0,1
198,2,0,7.28756046295166,1462,0,104,2,1,1,1,1,1,1,1,0,0,1
198,3,0,7.28756046295166,1462,0,80,2,1,1,0,0,1,0,1,0,0,1
199,0,0,7.3031702041626,1485,0,40,2,1,1,1,1,1,1,1,1,0,0
199,1,0,7.3031702041626,1485,0,40,2,1,1,1,1,1,1,1,1,0,0
200,0,0,7.80465936660767,2452,0,24,2,1,1,1,0,0,0,0,1,0,0
200,1,0,7.85631942749023,2582,0,24,2,1,1,1,0,0,0,0,1,0,0
200,2,0,7.85631942749023,2582,0,44,2,1,1,1,0,0,0,0,1,0,0
201,0,0,8.33182716369629,4154,0,56,2,1,1,1,0,1,0,1,1,0,1
203,0,0,7.6482629776001,2097,0,120,4,1,1,0,0,1,1,1,1,0,0
203,1,0,7.48436880111694,1780,0,180,4,1,1,1,0,1,1,1,1,0,0
204,0,0,7.6304612159729,2060,0,30,2,1,1,1,1,1,1,1,1,0,1
204,1,0,7.53476285934448,1872,0,34,2,1,1,1,1,1,1,1,1,0,1
204,2,0,7.6304612159729,2060,0,34,2,1,1,1,1,1,1,1,1,0,1
204,3,0,7.6304612159729,2060,0,112,2,1,1,1,1,1,1,1,1,0,1
205,0,0,9.02352905273438,8296,0,33,2,1,1,1,0,0,0,1,1,0,1
206,0,0,6.7393364906311,845,0,16,2,1,1,0,0,1,1,0,1,0,1
206,1,0,6.7393364906311,845,0,16,2,1,1,1,0,1,1,0,1,0,1
206,2,0,6.7393364906311,845,0,19,2,1,1,1,0,1,1,0,1,0,1
208,0,0,6.95177221298218,1045,0,50,2,1,1,0,1,1,1,0,1,0,0
208,1,0,7.4627890586853,1742,0,50,3,1,1,1,0,1,1,0,1,0,0
209,0,0,7.894690990448,2683,0,20,2,1,0,0,0,0,0,0,1,0,0
209,1,0,7.894690990448,2683,0,20,2,1,0,0,0,0,0,0,1,0,0
211,0,0,9.19826793670654,9880,1,30,2,0,1,1,1,0,0,1,1,0,1
211,1,0,9.19826793670654,9880,1,35,2,0,1,1,1,0,0,1,1,0,1
211,2,0,9.19826793670654,9880,1,25,2,0,1,1,1,0,0,1,1,0,1
211,3,0,9.19826793670654,9880,1,35,2,0,1,1,1,0,0,1,1,0,1
211,4,0,9.19826793670654,9880,1,25,2,0,1,1,1,0,0,1,1,0,1
211,5,0,9.19826793670654,9880,1,30,2,0,1,1,1,0,0,1,1,0,1
211,6,0,9.19826793670654,9880,1,45,2,0,1,1,1,0,0,1,1,0,1
211,7,0,9.19826793670654,9880,1,60,2,0,1,1,1,0,0,1,1,0,1
212,0,0,7.20785999298096,1350,0,73,2,1,1,1,0,1,1,1,1,0,1
212,1,0,7.20785999298096,1350,0,123,2,1,1,1,1,1,1,1,1,0,1
212,2,0,7.20785999298096,1350,0,73,2,1,1,1,0,1,1,1,1,0,1
212,3,0,7.20785999298096,1350,0,116,2,1,1,1,0,1,1,1,1,0,1
212,4,0,7.20785999298096,1350,0,111,2,1,1,1,1,1,1,1,1,0,1
212,5,0,7.20785999298096,1350,0,194,2,1,1,1,0,1,1,1,1,0,1
213,0,0,7.21155691146851,1355,0,18,3,1,1,0,1,1,0,0,0,0,1
213,1,0,7.21155691146851,1355,0,18,3,1,1,0,1,1,0,0,0,0,1
213,2,0,7.21155691146851,1355,0,18,3,1,1,0,1,1,0,0,0,0,1
213,3,0,7.21155691146851,1355,0,18,3,1,1,1,1,1,0,0,0,0,1
213,4,0,7.21155691146851,1355,0,15,3,1,1,0,0,1,0,0,0,0,1
213,5,0,7.21155691146851,1355,0,18,3,1,1,1,1,1,0,0,0,0,1
213,6,0,7.21155691146851,1355,0,15,3,1,1,0,0,1,0,0,0,0,1
213,7,0,7.21155691146851,1355,0,15,3,1,1,1,0,1,0,0,0,0,1
213,8,0,7.21155691146851,1355,0,15,3,1,1,0,0,1,0,0,0,0,1
214,0,0,6.67456150054932,792,0,20,2,1,1,1,1,1,1,0,1,0,0
214,1,0,7.08002662658691,1188,0,45,2,1,1,1,0,1,1,0,1,0,0
214,2,0,6.96224355697632,1056,0,30,2,1,1,1,1,1,1,0,1,0,0
215,0,0,6.7696418762207,871,0,24,2,0,1,0,0,1,0,1,1,0,0
215,1,0,7.10660600662231,1220,0,60,4,1,1,0,1,1,0,1,1,0,0
216,0,0,7.39694881439209,1631,0,38,2,1,1,1,0,1,1,1,1,1,1
218,0,0,6.67456150054932,792,0,20,2,1,1,1,1,1,1,0,1,0,0
218,1,0,7.08002662658691,1188,0,45,2,1,1,1,0,1,1,0,1,0,0
218,2,0,6.96224355697632,1056,0,30,2,1,1,1,1,1,1,0,1,0,0
219,0,0,6.67456150054932,792,0,24,2,1,1,1,0,1,1,1,0,0,0
219,1,0,6.67456150054932,792,0,24,2,1,1,1,0,1,1,1,0,0,0
220,0,0,7.43011426925659,1686,0,48,2,1,1,0,1,1,0,1,1,0,0
220,1,0,7.43011426925659,1686,0,48,2,1,1,0,1,1,0,1,1,0,0
225,0,0,6.54102993011475,693,0,30,2,1,1,0,0,1,1,1,1,0,0
225,1,0,6.54102993011475,693,0,30,2,1,1,0,0,1,1,1,1,0,0
225,2,0,6.54102993011475,693,0,30,2,1,1,0,0,1,1,1,1,0,0
226,0,0,6.8617115020752,955,0,20,2,1,1,0,0,1,0,1,1,0,0
226,1,0,6.81014251708984,907,0,20,2,1,1,0,0,1,0,1,1,0,0
229,0,0,8.2839994430542,3960,0,35,2,0,1,0,0,0,0,0,1,0,1
229,1,0,8.2839994430542,3960,0,28,2,0,1,1,0,0,0,0,1,0,1
229,2,0,8.2839994430542,3960,1,30,2,0,1,0,0,0,0,0,1,0,1
229,3,0,8.2839994430542,3960,0,35,2,0,1,0,0,0,0,0,1,0,1
229,4,0,8.2839994430542,3960,1,40,2,0,1,0,0,0,0,0,1,0,1
229,5,0,8.2839994430542,3960,0,28,2,0,1,0,0,0,0,0,1,0,1
231,0,0,6.9373140335083,1030,0,25,2,1,1,0,0,1,0,1,1,0,0
231,1,0,6.9373140335083,1030,0,51,2,1,1,0,0,1,0,1,1,0,0
231,2,0,6.9373140335083,1030,0,25,2,1,1,0,0,1,0,1,1,0,0
231,3,0,6.9373140335083,1030,0,42,2,1,1,0,0,1,0,1,1,0,0
232,0,0,8.13329410552979,3406,0,41,2,1,1,0,1,1,1,1,1,0,1
232,1,0,8.13329410552979,3406,0,41,2,1,1,1,0,1,1,1,1,0,1
232,2,0,8.13329410552979,3406,0,41,2,1,1,1,0,1,1,1,1,0,1
232,3,0,8.13329410552979,3406,0,78,2,1,1,0,1,1,1,1,1,0,1
232,4,0,8.13329410552979,3406,0,93,2,1,1,0,1,1,1,1,1,0,1
232,5,0,8.13329410552979,3406,0,93,2,1,1,1,0,1,1,1,1,0,1
232,6,0,8.13329410552979,3406,0,169,2,1,1,0,1,1,1,1,1,0,1
232,7,0,8.13329410552979,3406,0,169,2,1,1,1,0,1,1,1,1,0,1
234,0,0,6.90575313568115,998,0,25,2,1,1,0,0,1,1,0,1,0,0
236,0,0,6.76619148254395,868,0,30,2,1,1,0,0,1,0,0,0,0,0
236,1,0,6.61606502532959,747,0,30,2,1,1,0,0,1,0,0,0,0,0
236,2,0,6.61606502532959,747,0,30,2,1,1,0,0,1,0,0,0,0,0
237,0,0,6.89871454238892,991,0,25,2,1,1,0,0,1,0,0,0,0,0
237,1,0,6.89871454238892,991,0,45,2,1,1,0,0,1,0,0,0,0,0
238,0,0,8.51819229125977,5005,0,22,2,1,0,1,0,0,0,0,1,0,1
238,1,0,8.51819229125977,5005,1,22,2,1,0,1,0,0,0,0,1,0,1
239,0,0,7.8260440826416,2505,0,35,2,1,0,1,1,1,0,1,1,0,1
241,0,0,6.55535697937012,703,0,20,2,1,1,0,0,1,1,0,1,0,0
241,1,0,6.55535697937012,703,0,20,2,1,1,1,0,1,1,0,1,0,0
246,0,0,6.38687944412231,594,0,18,2,1,1,0,1,1,1,0,0,0,0
246,1,0,6.38687944412231,594,0,20,2,1,1,0,1,1,1,0,0,0,0
246,2,0,6.38687944412231,594,0,28,2,1,1,0,1,1,1,0,0,0,0
246,3,0,6.38687944412231,594,0,60,2,1,1,0,1,1,0,0,0,0,0
246,4,0,6.38687944412231,594,0,20,2,1,1,0,0,1,0,0,0,0,0
249,0,0,7.22402477264404,1372,0,30,2,1,1,1,1,1,0,1,0,0,0
249,1,0,7.11882638931274,1235,0,35,2,1,1,1,1,1,0,1,0,0,0
249,2,0,7.11882638931274,1235,0,40,2,1,1,1,1,1,0,1,0,0,0
250,0,0,6.4922399520874,660,0,25,2,1,0,1,1,1,0,0,1,0,0
250,1,0,6.32972097396851,561,0,25,2,0,0,1,0,1,0,0,1,0,0
252,0,0,8.70267677307129,6019,0,260,4,1,0,1,1,1,1,1,1,0,1
253,0,0,7.92732429504395,2772,0,28,2,1,0,0,0,1,1,0,0,0,0
253,1,0,7.92732429504395,2772,0,28,2,1,0,1,0,1,0,0,0,0,0
253,2,0,7.92732429504395,2772,0,25,2,1,0,0,0,1,0,0,0,0,0
253,3,0,7.92732429504395,2772,0,28,2,1,0,0,0,1,0,0,0,0,0
253,4,0,7.92732429504395,2772,0,28,2,1,0,0,0,1,0,0,0,0,0
253,5,0,7.92732429504395,2772,0,28,2,1,0,0,0,1,0,0,0,0,0
253,6,0,7.92732429504395,2772,0,28,2,1,0,1,0,1,0,0,0,0,0
253,7,0,7.92732429504395,2772,0,28,2,1,0,0,0,1,0,0,0,0,0
254,0,0,8.76950740814209,6435,0,19,2,1,1,0,0,1,0,1,0,0,1
254,1,0,8.76950740814209,6435,0,42,2,1,1,0,1,1,0,1,0,0,1
256,0,0,6.8308744430542,926,0,20,2,1,1,1,1,1,0,0,0,0,1
256,1,0,6.8308744430542,926,0,25,2,1,1,1,1,1,0,0,0,0,1
256,2,0,6.8308744430542,926,0,45,2,1,1,1,1,1,0,0,0,0,1
256,3,0,6.8308744430542,926,0,25,2,1,1,1,1,1,0,0,0,0,1
259,0,0,7.41637849807739,1663,0,90,2,1,1,0,1,1,1,1,1,0,0
263,0,0,6.79794025421143,896,0,25,3,1,1,0,0,1,0,0,0,0,0
263,1,0,6.79794025421143,896,0,25,3,1,1,0,0,1,0,0,0,0,0
263,2,0,6.79794025421143,896,0,20,3,1,1,0,0,1,0,0,0,0,0
263,3,0,6.79794025421143,896,0,20,3,1,1,0,0,1,0,0,0,0,0
263,4,0,6.79794025421143,896,0,20,3,1,1,0,0,1,0,0,0,0,0
263,5,0,6.79794025421143,896,0,25,3,1,1,0,0,1,0,0,0,0,0
267,0,0,7.4283332824707,1683,0,35,2,1,1,1,0,1,1,1,1,0,1
270,0,0,6.88346242904663,976,0,25,2,1,1,0,0,1,0,0,1,0,0
270,1,0,6.77764654159546,878,0,30,2,1,1,0,0,1,1,0,1,0,0
271,0,0,7.894690990448,2683,0,70,2,1,0,1,1,1,1,1,1,0,0
273,0,0,8.57168102264404,5280,0,350,1,1,1,1,1,1,0,1,1,0,0
274,0,0,7.73848819732666,2295,0,72,2,1,0,1,1,1,1,1,1,0,0
275,0,0,8.07806777954102,3223,0,42,2,1,0,0,1,1,1,0,0,0,0
277,0,0,7.16006898880005,1287,0,36,4,1,1,1,1,1,1,1,1,0,0
277,1,0,7.16006898880005,1287,0,36,4,1,1,1,1,1,1,1,1,0,0
277,2,0,7.16006898880005,1287,0,43,4,1,1,1,1,1,1,1,1,0,0
277,3,0,7.16006898880005,1287,0,43,4,1,1,1,1,1,1,1,1,0,0
278,0,0,7.64539766311646,2091,0,65,4,1,1,1,1,1,0,1,1,0,0
278,1,0,7.64539766311646,2091,0,40,4,1,1,1,1,1,0,1,1,0,0
278,2,0,7.64539766311646,2091,0,117,4,1,1,1,1,1,1,1,1,0,0
278,3,0,7.64539766311646,2091,0,65,4,1,1,1,1,1,1,1,1,0,0
278,4,0,7.64539766311646,2091,0,127,4,1,1,1,1,1,1,1,1,0,0
278,5,0,7.64539766311646,2091,0,134,4,1,1,1,1,1,1,1,1,0,0
281,0,0,7.5315523147583,1866,0,40,2,1,1,1,0,1,1,1,0,0,0
283,0,0,7.97246599197388,2900,0,50,1,1,1,1,0,1,1,1,1,0,0
283,1,0,7.97246599197388,2900,0,50,1,1,1,1,0,1,1,1,1,0,0
285,0,0,8.35490989685059,4251,0,150,1,1,1,1,1,1,1,1,1,0,0
286,0,0,7.66199779510498,2126,0,60,4,1,1,0,0,1,1,1,1,1,0
287,0,0,6.55677843093872,704,0,16,2,1,1,0,0,1,0,0,1,0,0
289,0,0,8.30375194549561,4039,0,200,1,1,1,1,1,1,1,1,1,0,0
290,0,0,8.22389507293701,3729,0,80,1,1,1,1,1,1,1,1,1,1,0
291,0,0,7.75576734542847,2335,0,32,2,1,1,1,0,1,1,1,1,0,0
291,1,0,7.75576734542847,2335,0,41,2,1,1,1,0,1,1,1,1,0,0
291,7,0,8.25660705566406,3853,0,72,3,1,1,1,0,1,1,1,1,0,0
291,8,0,8.25660705566406,3853,0,74,3,1,1,1,0,1,1,1,1,0,0
291,9,0,8.25660705566406,3853,0,74,3,1,1,1,0,1,1,1,1,0,0
291,10,0,8.25660705566406,3853,0,74,3,1,1,1,0,1,1,1,1,0,0
291,11,0,8.25660705566406,3853,0,74,3,1,1,1,0,1,1,1,1,0,0
291,12,0,8.25660705566406,3853,0,139,3,1,1,1,0,1,1,1,1,0,0
291,13,0,8.25660705566406,3853,0,139,3,1,1,1,0,1,1,1,1,0,0
296,0,0,8.50714302062988,4950,0,1000,4,0,1,1,1,0,0,0,1,0,0
297,0,0,6.40357398986816,604,0,27,2,0,0,0,0,1,0,0,1,0,0
297,1,0,6.40357398986816,604,0,27,2,0,0,0,0,1,0,0,1,0,0
297,2,0,6.40357398986816,604,0,32,2,1,0,0,0,1,0,0,1,0,0
297,3,0,6.40357398986816,604,0,46,2,1,0,0,0,1,0,0,1,0,0
297,4,0,6.40357398986816,604,0,41,2,1,0,1,0,1,0,0,1,0,0
297,5,0,6.40357398986816,604,0,41,2,1,0,1,0,1,0,0,1,0,0
297,6,0,6.40357398986816,604,0,32,2,1,0,0,0,1,0,0,1,0,0
297,7,0,6.40357398986816,604,0,41,2,1,0,0,0,1,0,0,1,0,0
297,8,0,6.40357398986816,604,0,41,2,0,0,0,0,1,0,0,1,0,0
297,9,0,6.40357398986816,604,0,55,2,1,0,0,0,1,0,0,1,0,0
298,0,0,8.10076808929443,3297,0,100,1,1,1,1,1,1,1,1,1,1,0
299,0,0,8.10076808929443,3297,0,90,1,1,1,1,1,1,1,1,1,1,0
302,0,0,9.11382961273193,9080,0,20,1,1,0,1,1,1,1,1,1,0,0
306,0,0,8.11162853240967,3333,0,50,4,1,1,0,1,1,1,1,1,0,0
309,0,0,7.6534948348999,2108,0,40,3,1,1,0,0,1,1,1,1,1,1
310,0,0,10.1557235717773,25738,0,100,1,1,0,1,1,1,0,0,0,0,0
311,0,0,7.89095687866211,2673,0,53,2,1,0,0,0,1,1,1,0,0,0
317,0,0,8.30745887756348,4054,0,500,4,1,0,1,1,1,1,1,0,0,0
320,0,0,6.92755794525146,1020,0,90,2,1,1,0,0,1,0,0,1,0,0
324,0,0,5.37989711761475,217,0,21,1,1,0,0,0,1,0,0,0,0,1
324,1,0,5.54907608032227,257,0,21,1,0,0,0,0,1,0,0,0,0,1
324,2,0,5.54907608032227,257,0,21,1,0,0,0,0,1,0,0,0,0,1
324,3,0,5.54907608032227,257,0,21,1,0,0,0,0,1,0,0,0,0,1
324,4,0,5.54907608032227,257,0,21,1,0,0,0,0,1,0,0,0,0,1
324,5,0,5.54907608032227,257,0,21,1,0,0,0,0,1,0,0,0,0,1
0,0,1,7.44424867630005,1710,0,28,2,1,1,0,0,1,1,1,1,1,0
0,2,1,7.6187424659729,2036,0,47,2,1,1,0,0,1,1,1,1,1,0
1,0,1,7.62997579574585,2059,0,45,2,1,1,1,1,1,1,1,1,1,0
1,1,1,7.8785343170166,2640,0,75,2,1,1,1,1,1,1,1,1,1,0
1,1,2,8.11492252349854,3344,0,75,3,1,1,1,1,1,1,1,1,1,0
1,1,3,8.3059778213501,4048,0,75,4,1,1,1,1,1,1,1,1,1,0
1,1,4,7.77317380905151,2376,0,75,2,1,1,1,1,1,1,1,1,1,0
2,0,1,8.598219871521,5422,0,46,2,1,1,0,0,0,0,1,0,0,1
3,0,1,8.4359827041626,4610,0,35,2,1,0,0,0,0,0,0,1,0,1
3,0,2,8.4359827041626,4610,0,35,2,1,0,0,0,0,0,0,1,0,1
4,0,1,8.88002872467041,7187,0,65,3,1,1,1,1,1,0,1,1,0,1
7,0,1,9.36134338378906,11630,0,45,3,1,1,0,1,0,0,1,1,0,1
8,0,1,8.82453060150146,6799,1,40,2,1,1,0,1,0,0,1,1,0,1
10,0,1,8.79270172119141,6586,0,35,2,1,1,1,1,0,0,1,1,0,1
11,0,1,9.24676895141602,10371,0,40,3,1,1,0,1,0,0,0,1,0,1
11,0,2,9.29118251800537,10842,0,40,4,1,1,0,1,0,0,0,1,0,1
13,2,1,7.5315523147583,1866,0,25,2,0,0,0,0,0,0,1,1,0,1
13,2,2,7.63675212860107,2073,0,25,2,0,0,0,0,0,0,1,1,0,1
15,0,1,8.10892391204834,3324,0,100,2,1,1,0,0,0,0,0,1,0,1
16,0,1,9.03157234191895,8363,0,23,2,1,0,1,0,0,0,1,1,0,1
19,0,1,8.61740016937256,5527,1,46,2,1,1,1,1,0,0,0,1,0,1
19,1,1,8.74385070800781,6272,1,50,2,1,1,1,1,0,0,0,1,0,1
19,1,2,8.8572301864624,7025,1,50,3,1,1,1,1,0,0,0,1,0,1
20,1,1,8.4497709274292,4674,0,65,2,1,1,1,1,1,0,1,1,0,1
20,1,2,8.56235790252686,5231,0,65,3,1,1,1,1,1,0,1,1,0,1
21,0,1,7.91059064865112,2726,1,20,1,0,1,0,0,0,0,0,1,0,0
21,0,2,7.93272113800049,2787,1,20,2,0,1,0,0,0,0,0,1,0,0
21,0,3,7.82963037490845,2514,1,20,1,0,1,0,0,0,0,0,1,0,0
24,0,1,7.91059064865112,2726,1,20,1,0,1,0,0,0,0,0,1,0,0
24,0,2,7.93272113800049,2787,1,20,2,0,1,0,0,0,0,0,1,0,0
24,0,3,7.82963037490845,2514,1,20,1,0,1,0,0,0,0,0,1,0,0
25,4,1,7.21229457855225,1356,0,60,2,1,1,0,0,1,0,1,1,0,0
25,4,2,7.27170372009277,1439,0,60,2,1,1,0,0,1,0,1,1,0,0
27,0,1,7.66152715682983,2125,0,54,3,1,1,0,0,1,1,1,1,0,1
27,0,2,7.74196767807007,2303,0,54,4,1,1,0,0,1,1,1,1,0,1
27,0,3,7.51479959487915,1835,0,54,2,1,1,0,0,1,1,1,1,0,1
27,0,4,7.6078782081604,2014,0,54,3,1,1,0,0,1,1,1,1,0,1
27,0,5,7.69256973266602,2192,0,54,4,1,1,0,0,1,1,1,1,0,1
28,0,1,7.32184982299805,1513,0,26,2,1,1,1,1,1,1,1,0,0,1
28,0,2,6.99485015869141,1091,0,26,2,1,1,1,1,1,1,1,0,0,1
28,1,1,7.3658127784729,1581,0,36,2,1,1,1,1,1,1,1,0,0,1
28,1,2,7.43484783172607,1694,0,36,3,1,1,1,1,1,1,1,0,0,1
28,1,3,7.4610652923584,1739,0,36,4,1,1,1,1,1,1,1,0,0,1
28,1,4,7.49886989593506,1806,0,36,4,1,1,1,1,1,1,1,0,0,1
30,0,1,8.17159938812256,3539,0,27,3,0,1,1,1,0,0,0,1,0,1
30,0,2,7.95366954803467,2846,0,27,2,0,1,1,1,0,0,0,1,0,1
30,0,3,8.06620788574219,3185,0,27,3,0,1,1,1,0,0,0,1,0,1
31,0,1,9.6876916885376,16118,0,60,3,0,1,0,0,0,0,1,1,0,1
32,0,1,7.43484783172607,1694,0,25,2,1,1,0,0,1,0,1,1,0,0
33,0,1,8.33230876922607,4156,0,25,2,1,1,1,1,0,0,0,1,0,1
33,1,1,8.79573345184326,6606,1,25,2,1,1,1,1,0,0,0,1,0,1
33,1,2,8.89137363433838,7269,1,25,3,1,1,1,1,0,0,0,1,0,1
33,1,3,8.97866058349609,7932,1,25,4,1,1,1,1,0,0,0,1,0,1
33,1,4,8.69047355651855,5946,1,25,2,1,1,1,1,0,0,0,1,0,1
35,0,1,8.06463623046875,3180,0,45,2,1,1,0,1,1,1,1,0,0,1
35,3,1,7.8009819984436,2443,0,65,2,1,1,1,1,1,1,1,0,0,1
35,3,2,8.16990280151367,3533,0,65,2,1,1,1,1,1,1,1,0,0,1
35,3,3,8.06463623046875,3180,0,65,2,1,1,1,1,1,1,1,0,0,1
35,3,4,8.37839031219482,4352,0,65,2,1,1,1,1,1,1,1,0,0,1
36,0,1,8.00636768341064,3000,0,38,2,1,1,0,1,1,0,1,1,0,1
36,0,2,7.8609561920166,2594,0,38,3,1,1,0,1,1,0,1,1,0,1
36,0,3,8.08085632324219,3232,0,38,3,1,1,0,1,1,0,1,1,0,1
36,0,4,7.946617603302,2826,0,38,4,1,1,0,1,1,0,1,1,0,1
36,0,5,8.1498908996582,3463,0,38,4,1,1,0,1,1,0,1,1,0,1
37,4,1,8.71506023406982,6094,1,75,3,1,1,0,1,0,0,1,1,0,1
41,0,1,8.82232189178467,6784,0,31,2,1,1,0,0,0,0,1,1,0,1
45,0,1,9.85172080993652,18991,0,50,2,0,0,1,1,0,0,0,1,0,1
46,0,1,8.63710689544678,5637,0,20,3,1,0,0,1,0,1,0,1,0,1
46,0,2,8.76545810699463,6409,0,20,4,1,0,0,1,0,1,0,1,0,1
46,0,3,8.3843469619751,4378,0,20,2,1,0,0,1,0,1,0,1,0,1
46,0,4,8.53168773651123,5073,0,20,3,1,0,0,1,0,1,0,1,0,1
46,0,5,8.660080909729,5768,0,20,4,1,0,0,1,0,1,0,1,0,1
47,1,1,8.91072082519531,7411,1,40,2,1,1,1,1,0,0,1,1,0,1
47,1,2,9.15852069854736,9495,1,40,3,1,1,1,1,0,0,1,1,0,1
48,0,1,7.03614854812622,1137,0,16,3,1,1,0,0,1,0,0,1,0,1
48,0,2,7.2225661277771,1370,0,16,4,1,1,0,0,1,0,0,1,0,1
48,0,3,7.85941314697266,2590,0,16,4,1,1,0,0,1,0,0,1,0,1
48,0,4,6.80239486694336,900,0,16,2,1,1,0,0,1,0,0,1,0,1
48,0,5,6.931471824646,1024,0,16,3,1,1,0,0,1,0,0,1,0,1
48,0,6,7.11720561981201,1233,0,16,4,1,1,0,0,1,0,0,1,0,1
48,0,7,7.77779245376587,2387,0,16,4,1,1,0,0,1,0,0,1,0,1
48,6,1,6.95654535293579,1050,0,80,2,1,1,0,0,1,0,0,1,0,1
48,6,2,7.42654895782471,1680,0,80,2,1,1,0,0,1,0,0,1,0,1
49,0,1,8.35255432128906,4241,0,50,2,1,1,0,0,1,1,1,1,0,1
49,0,2,8.5644588470459,5242,0,50,3,1,1,0,0,1,1,1,1,0,1
49,0,3,8.64223861694336,5666,0,50,3,1,1,0,0,1,1,1,1,0,1
49,0,4,8.80507564544678,6668,0,50,4,1,1,0,0,1,1,1,1,0,1
49,0,5,8.86672306060791,7092,0,50,4,1,1,0,0,1,1,1,1,0,1
50,0,1,8.35255432128906,4241,0,50,2,1,1,0,0,1,1,1,1,0,1
50,0,2,8.5644588470459,5242,0,50,3,1,1,0,0,1,1,1,1,0,1
50,0,3,8.64223861694336,5666,0,50,3,1,1,0,0,1,1,1,1,0,1
50,0,4,8.80507564544678,6668,0,50,4,1,1,0,0,1,1,1,1,0,1
50,0,5,8.86672306060791,7092,0,50,4,1,1,0,0,1,1,1,1,0,1
52,0,1,7.5806999206543,1960,0,44,2,1,0,0,0,1,1,1,1,1,0
53,0,1,8.29579830169678,4007,0,48,3,1,1,0,1,0,0,1,1,0,1
53,0,2,8.41847705841064,4530,0,48,4,1,1,0,1,0,0,1,1,0,1
53,0,3,8.05070304870605,3136,0,48,2,1,1,0,1,0,0,1,1,0,1
56,0,1,8.05070304870605,3136,0,25,2,1,1,0,0,1,1,1,1,0,0
56,0,2,7.80832290649414,2461,0,25,3,1,1,0,0,1,1,1,1,0,0
56,0,3,8.42551612854004,4562,0,25,3,1,1,0,0,1,1,1,1,0,0
56,0,4,8.00803279876709,3005,0,25,4,1,1,0,0,1,1,1,1,0,0
56,0,5,8.69734573364258,5987,0,25,4,1,1,0,0,1,1,1,1,0,0
57,1,1,8.37031555175781,4317,1,35,2,1,0,1,1,0,0,0,0,0,1
57,1,2,8.43858242034912,4622,1,35,3,1,0,1,1,0,0,0,0,0,1
58,1,1,9.03943347930908,8429,1,48,2,1,1,1,0,0,0,1,1,0,1
58,1,2,9.12074375152588,9143,1,48,3,1,1,1,0,0,0,1,1,0,1
59,1,1,8.45595550537109,4703,0,41,2,1,0,1,0,0,0,1,1,0,0
59,1,2,8.51719284057617,5000,0,41,3,1,0,1,0,0,0,1,1,0,0
60,0,1,7.39878606796265,1634,0,60,2,1,1,1,1,1,0,1,1,0,0
61,0,1,8.81388473510742,6727,0,33,2,1,1,1,1,0,0,0,1,0,1
69,0,1,7.92840623855591,2775,0,24,3,1,0,1,1,0,0,0,1,0,0
69,3,1,7.90285730361938,2705,1,26,2,1,0,1,0,0,0,0,1,0,0
71,0,1,7.35179996490479,1559,0,25,2,1,1,1,0,1,1,0,1,0,0
71,2,1,7.45991468429565,1737,0,25,2,1,1,1,0,1,1,0,1,0,0
71,3,1,7.35179996490479,1559,0,40,2,1,1,0,1,1,1,0,1,0,0
71,3,2,7.92732429504395,2772,0,40,2,1,1,0,1,1,1,0,1,0,0
71,3,3,7.40731763839722,1648,0,40,2,1,1,0,1,1,1,0,1,0,0
71,3,4,7.54168319702148,1885,0,40,2,1,1,0,1,1,1,0,1,0,0
71,3,5,7.92732429504395,2772,0,40,2,1,1,0,1,1,1,0,1,0,0
71,3,6,8.06085586547852,3168,0,40,3,1,1,0,1,1,1,0,1,0,0
75,0,1,8.80597496032715,6674,0,18,2,1,1,0,0,0,0,1,1,0,1
76,0,1,7.35179996490479,1559,0,25,2,1,1,1,0,1,1,0,1,0,0
76,2,1,7.45991468429565,1737,0,25,2,1,1,1,0,1,1,0,1,0,0
76,3,1,7.35179996490479,1559,0,40,2,1,1,0,1,1,1,0,1,0,0
76,3,2,7.92732429504395,2772,0,40,2,1,1,0,1,1,1,0,1,0,0
76,3,3,7.40731763839722,1648,0,40,2,1,1,0,1,1,1,0,1,0,0
76,3,4,7.54168319702148,1885,0,40,2,1,1,0,1,1,1,0,1,0,0
76,3,5,7.92732429504395,2772,0,40,2,1,1,0,1,1,1,0,1,0,0
76,3,6,8.06085586547852,3168,0,40,3,1,1,0,1,1,1,0,1,0,0
77,0,1,8.82453060150146,6799,1,40,2,1,1,0,1,0,0,1,1,0,1
78,2,1,7.37713384628296,1599,0,28,2,1,0,1,1,1,1,1,1,0,0
78,2,2,7.45760917663574,1733,0,28,2,1,0,1,1,1,1,1,1,0,0
82,1,1,6.79234457015991,891,0,24,2,1,1,0,0,1,0,0,1,0,0
82,1,2,6.81234502792358,909,0,24,3,1,1,0,0,1,0,0,1,0,0
83,0,1,7.54009008407593,1882,0,20,2,0,0,0,0,0,0,1,1,0,0
84,0,1,7.8501033782959,2566,0,20,1,1,1,0,0,0,1,0,0,0,0
87,0,1,8.79270172119141,6586,0,35,2,1,1,1,1,0,0,1,1,0,1
88,0,1,7.94555521011353,2823,0,20,2,0,0,0,0,0,0,0,1,0,0
88,3,1,8.31311702728271,4077,1,45,2,0,0,0,0,0,0,0,1,0,0
88,3,2,8.02551651000977,3058,1,45,2,0,0,0,0,0,0,0,1,0,0
88,3,3,8.42222309112549,4547,1,45,2,0,0,0,0,0,0,0,1,0,0
88,3,4,8.13476085662842,3411,1,45,2,0,0,0,0,0,0,0,1,0,0
89,0,1,7.06987428665161,1176,0,24,2,1,1,1,1,1,0,1,1,0,0
89,0,2,7.17548990249634,1307,0,24,2,1,1,1,1,1,0,1,1,0,0
90,0,1,7.18083143234253,1314,0,18,2,1,1,0,0,1,0,1,1,0,1
91,1,1,7.22402477264404,1372,0,53,2,1,1,1,0,1,0,1,1,0,0
91,1,2,7.40610361099243,1646,0,53,3,1,1,1,0,1,0,1,1,0,0
92,0,1,7.45876264572144,1735,0,18,2,1,1,0,0,0,0,0,1,0,1
97,1,1,8.80447483062744,6664,0,37,2,1,1,1,1,0,0,0,1,0,1
97,1,2,8.85237884521484,6991,0,37,3,1,1,1,1,0,0,0,1,0,1
100,1,1,8.93234443664551,7573,0,37,2,1,1,1,1,0,0,0,1,0,1
100,1,2,8.9801721572876,7944,0,37,3,1,1,1,1,0,0,0,1,0,1
102,1,1,7.63385343551636,2067,0,30,2,1,0,0,1,1,0,1,1,0,1
102,1,2,7.8864574432373,2661,0,30,3,1,0,0,1,1,0,1,1,0,1
108,1,1,7.75276470184326,2328,0,70,2,1,1,1,1,1,1,1,1,0,0
108,1,2,7.97590827941895,2910,0,70,3,1,1,1,1,1,1,1,1,0,0
108,1,3,8.15822982788086,3492,0,70,4,1,1,1,1,1,1,1,1,0,0
108,1,4,8.31262588500977,4075,0,70,1,1,1,1,1,1,1,1,1,0,0
109,1,1,6.79234457015991,891,0,24,2,1,1,0,0,1,0,0,1,0,0
109,1,2,6.81234502792358,909,0,24,3,1,1,0,0,1,0,0,1,0,0
114,0,1,7.80139112472534,2444,0,20,2,1,1,1,0,1,0,1,1,0,0
115,3,1,7.93020629882812,2780,0,20,2,0,1,0,0,0,0,0,0,0,1
115,3,2,8.33567142486572,4170,0,20,2,0,1,0,0,0,0,0,0,0,1
115,3,3,8.15334987640381,3475,0,20,4,0,1,0,0,0,0,0,0,0,1
115,3,4,8.21770858764648,3706,0,20,1,0,1,0,0,0,0,0,0,0,1
116,1,1,7.11801624298096,1234,0,60,2,1,0,1,0,1,1,1,1,0,1
116,1,2,7.30653142929077,1490,0,60,3,1,0,1,0,1,1,1,1,0,1
116,2,1,7.46450996398926,1745,0,90,4,1,0,1,0,1,1,1,1,0,1
116,2,2,7.44014644622803,1703,0,90,2,1,0,1,0,1,1,1,1,0,1
118,0,1,8.70334053039551,6023,0,45,3,1,1,0,0,0,0,0,0,0,1
118,0,2,8.86672306060791,7092,0,45,4,1,1,0,0,0,0,0,0,0,1
118,1,1,9.15873146057129,9497,0,55,2,1,1,0,0,0,0,0,0,0,1
118,2,1,9.2654914855957,10567,0,120,3,1,1,1,1,0,0,0,0,0,1
119,1,1,7.35179996490479,1559,0,53,2,1,1,1,0,1,0,1,1,0,0
119,1,2,7.53422832489014,1871,0,53,3,1,1,1,0,1,0,1,1,0,0
120,0,1,7.30854272842407,1493,0,18,2,1,1,0,0,1,0,1,1,0,1
127,0,1,7.00760078430176,1105,0,27,2,1,0,0,0,1,1,1,1,0,0
128,1,1,9.04711532592773,8494,1,18,2,1,0,1,0,0,0,1,1,0,1
128,1,2,9.13626289367676,9286,1,18,3,1,0,1,0,0,0,1,1,0,1
129,0,1,7.42535781860352,1678,0,25,2,1,0,0,1,1,0,0,1,0,0
130,2,1,8.21256828308105,3687,0,122,2,1,1,1,0,1,1,1,1,0,1
132,0,1,7.48549175262451,1782,0,40,2,1,1,0,0,1,0,0,1,0,0
133,0,1,8.06714916229248,3188,0,25,3,0,1,0,0,0,0,0,1,0,0
133,0,2,8.16876983642578,3529,0,25,4,0,1,0,0,0,0,0,1,0,0
133,0,3,7.8260440826416,2505,0,25,1,0,1,0,0,0,0,0,1,0,0
134,0,1,6.99025630950928,1086,0,19,2,1,1,1,1,1,0,1,1,0,0
134,1,1,7.48042821884155,1773,0,39,3,1,1,1,0,1,0,1,1,0,0
137,0,1,8.35349750518799,4245,0,250,1,1,1,1,1,1,1,1,1,1,0
139,0,1,7.73280763626099,2282,0,32,2,1,1,1,0,1,1,1,1,0,0
140,8,1,7.33823823928833,1538,0,138,2,1,1,1,1,1,1,1,1,0,0
140,8,2,7.33823823928833,1538,0,138,2,1,1,1,1,1,1,1,1,0,0
140,8,3,7.35179996490479,1559,0,138,2,1,1,1,1,1,1,1,1,0,0
140,8,4,7.35179996490479,1559,0,138,2,1,1,1,1,1,1,1,1,0,0
142,0,1,8.70184516906738,6014,0,45,2,1,1,0,1,1,0,1,1,1,1
145,0,1,8.94167613983154,7644,0,33,2,1,1,1,1,0,0,0,1,0,1
146,2,1,7.50549221038818,1818,0,28,2,1,0,1,1,1,1,1,1,0,0
146,2,2,7.58528089523315,1969,0,28,2,1,0,1,1,1,1,1,1,0,0
148,0,1,7.47760438919067,1768,0,60,2,1,1,1,0,1,1,1,1,0,0
152,0,1,8.42376136779785,4554,0,48,3,1,1,0,1,0,0,1,1,0,1
152,0,2,8.54636383056641,5148,0,48,4,1,1,0,1,0,0,1,1,0,1
152,0,3,8.17863845825195,3564,0,48,2,1,1,0,1,0,0,1,1,0,1
153,1,1,7.68616247177124,2178,0,32,2,1,1,0,1,1,0,1,1,0,0
153,1,2,7.85321617126465,2574,0,32,3,1,1,0,1,1,0,1,1,0,0
153,4,1,7.9963173866272,2970,0,36,4,1,1,0,1,1,0,1,1,0,0
153,6,1,7.77317380905151,2376,0,52,2,1,1,1,0,1,0,1,1,0,0
158,0,1,8.87178611755371,7128,0,35,2,1,1,1,0,0,0,0,1,0,1
159,1,1,7.27100849151611,1438,0,20,2,1,1,1,1,1,0,1,1,1,1
159,1,2,7.46508264541626,1746,0,20,3,1,1,1,1,1,0,1,1,1,1
163,3,1,7.45472002029419,1728,0,61,2,1,1,1,0,1,1,0,0,0,0
163,3,2,7.65444326400757,2110,0,61,2,1,1,1,0,1,1,0,0,0,0
165,0,1,8.93379592895508,7584,0,18,2,1,1,0,0,0,0,1,1,0,1
166,0,1,7.70841073989868,2227,0,40,3,1,1,1,1,1,1,1,1,0,0
166,0,2,7.78572082519531,2406,0,40,4,1,1,1,1,1,1,1,1,0,0
166,0,3,7.48549175262451,1782,0,40,2,1,1,1,1,1,1,1,1,0,0
166,0,4,7.5806999206543,1960,0,40,3,1,1,1,1,1,1,1,1,0,0
166,0,5,7.66762590408325,2138,0,40,4,1,1,1,1,1,1,1,1,0,0
166,2,1,7.6251072883606,2049,0,88,2,1,1,1,1,1,1,1,1,0,0
166,2,2,7.48549175262451,1782,0,88,2,1,1,1,1,1,1,1,1,0,0
166,2,3,8.5535249710083,5185,0,88,2,1,1,1,1,1,1,1,1,0,0
168,0,1,8.07309150695801,3207,0,20,2,0,0,0,0,0,0,0,1,0,0
168,3,1,8.44095993041992,4633,1,45,2,0,0,0,0,0,0,0,1,0,0
168,3,2,8.15334987640381,3475,1,45,2,0,0,0,0,0,0,0,1,0,0
168,3,3,8.55004787445068,5167,1,45,2,0,0,0,0,0,0,0,1,0,0
168,3,4,8.26255893707275,3876,1,45,2,0,0,0,0,0,0,0,1,0,0
169,0,1,7.6629376411438,2128,0,30,2,1,1,1,1,1,1,1,1,0,1
169,1,1,7.8501033782959,2566,0,34,2,1,1,1,1,1,1,1,1,0,1
169,1,2,7.89095687866211,2673,0,34,3,1,1,1,1,1,1,1,1,0,1
169,1,3,7.93020629882812,2780,0,34,4,1,1,1,1,1,1,1,1,0,1
169,1,4,7.75833368301392,2341,0,34,2,1,1,1,1,1,1,1,1,0,1
171,0,1,6.38350677490234,592,0,18,2,1,1,0,0,1,0,0,1,0,0
171,1,1,6.64118194580078,766,0,18,2,1,1,0,0,1,0,0,1,0,0
171,1,2,6.84161567687988,936,0,18,3,1,1,0,0,1,0,0,1,0,0
171,1,3,7.00850534439087,1106,0,18,4,1,1,0,0,1,0,0,1,0,0
171,1,4,6.59030103683472,728,0,18,2,1,1,0,0,1,0,0,1,0,0
171,2,1,6.7900972366333,889,0,41,3,1,1,0,0,1,0,0,1,0,0
171,2,2,6.95749759674072,1051,0,41,4,1,1,0,0,1,0,0,1,0,0
171,2,3,6.82001638412476,916,0,41,2,1,1,0,0,1,0,0,1,0,0
171,2,4,7.02019071578979,1119,0,41,3,1,1,0,0,1,0,0,1,0,0
174,0,1,6.38350677490234,592,0,18,2,1,1,0,0,1,0,0,1,0,0
174,1,1,6.64118194580078,766,0,18,2,1,1,0,0,1,0,0,1,0,0
174,1,2,6.84161567687988,936,0,18,3,1,1,0,0,1,0,0,1,0,0
174,1,3,7.00850534439087,1106,0,18,4,1,1,0,0,1,0,0,1,0,0
174,1,4,6.59030103683472,728,0,18,2,1,1,0,0,1,0,0,1,0,0
174,2,1,6.7900972366333,889,0,41,3,1,1,0,0,1,0,0,1,0,0
174,2,2,6.95749759674072,1051,0,41,4,1,1,0,0,1,0,0,1,0,0
174,2,3,6.82001638412476,916,0,41,2,1,1,0,0,1,0,0,1,0,0
174,2,4,7.02019071578979,1119,0,41,3,1,1,0,0,1,0,0,1,0,0
175,0,1,7.6123366355896,2023,0,120,4,1,1,0,0,1,1,1,1,0,0
178,0,1,7.20785999298096,1350,0,20,2,1,1,1,1,1,1,0,1,0,0
178,1,1,7.09007692337036,1200,0,45,2,1,1,1,0,1,1,0,1,0,0
178,2,1,7.49554204940796,1800,0,30,2,1,1,1,1,1,1,0,1,0,0
179,0,1,7.16006898880005,1287,0,24,3,0,1,0,0,1,0,1,1,0,0
179,0,2,7.23417711257935,1386,0,24,4,0,1,0,0,1,0,1,1,0,0
181,0,1,7.34342622756958,1546,0,42,3,1,1,0,0,1,1,1,1,0,0
181,0,2,7.08506441116333,1194,0,42,2,1,1,0,0,1,1,1,1,0,0
181,0,3,7.30249643325806,1484,0,42,3,1,1,0,0,1,1,1,1,0,0
182,0,1,8.70334053039551,6023,0,45,3,1,1,0,0,0,0,0,0,0,1
182,0,2,8.86672306060791,7092,0,45,4,1,1,0,0,0,0,0,0,0,1
182,1,1,9.15873146057129,9497,0,55,2,1,1,0,0,0,0,0,0,0,1
182,2,1,9.2654914855957,10567,0,120,3,1,1,1,1,0,0,0,0,0,1
184,0,1,5.75890159606934,317,0,60,1,1,1,0,0,0,0,0,0,0,1
188,1,1,7.88758420944214,2664,0,40,2,1,1,1,1,0,0,1,1,0,1
192,0,1,6.32972097396851,561,0,25,2,1,0,1,1,1,0,0,1,0,0
192,1,1,6.95177221298218,1045,0,25,2,0,0,1,0,1,0,0,1,0,0
192,1,2,6.66440916061401,784,0,25,1,0,0,1,0,1,0,0,1,0,0
195,1,1,7.14361763000488,1266,0,20,2,1,1,1,1,1,0,1,1,1,1
195,1,2,7.33758783340454,1537,0,20,3,1,1,1,1,1,0,1,1,1,1
198,0,1,7.27862882614136,1449,0,16,2,1,1,1,0,1,0,1,0,0,1
198,1,1,7.39326286315918,1625,0,16,2,1,1,1,0,1,0,1,0,0,1
198,1,2,7.52185916900635,1848,0,16,3,1,1,1,0,1,0,1,0,0,1
198,1,3,7.70796155929565,2226,0,16,4,1,1,1,0,1,0,1,0,0,1
198,1,4,7.28756046295166,1462,0,16,2,1,1,1,0,1,0,1,0,0,1
198,3,1,7.41637849807739,1663,0,80,3,1,1,0,0,1,0,1,0,0,1
198,3,2,7.60240125656128,2003,0,80,4,1,1,0,0,1,0,1,0,0,1
200,0,1,7.85631942749023,2582,0,24,2,1,1,1,0,0,0,0,1,0,0
201,0,1,8.43706703186035,4615,0,56,2,1,1,1,0,1,0,1,1,0,1
201,0,2,8.42967224121094,4581,0,56,3,1,1,1,0,1,0,1,1,0,1
201,0,3,8.54675197601318,5150,0,56,3,1,1,1,0,1,0,1,1,0,1
201,0,4,8.51899147033691,5009,0,56,4,1,1,1,0,1,0,1,1,0,1
201,0,5,8.64541053771973,5684,0,56,4,1,1,1,0,1,0,1,1,0,1
203,0,1,7.48436880111694,1780,0,120,4,1,1,0,0,1,1,1,1,0,0
204,0,1,7.53476285934448,1872,0,30,2,1,1,1,1,1,1,1,1,0,1
204,1,1,7.72223472595215,2258,0,34,2,1,1,1,1,1,1,1,1,0,1
204,1,2,7.76302146911621,2352,0,34,3,1,1,1,1,1,1,1,1,0,1
204,1,3,7.80220937728882,2446,0,34,4,1,1,1,1,1,1,1,1,0,1
204,1,4,7.6304612159729,2060,0,34,2,1,1,1,1,1,1,1,1,0,1
205,0,1,9.15841484069824,9494,0,33,3,1,1,1,0,0,0,1,1,0,1
208,0,1,7.05789804458618,1162,0,50,3,1,1,0,1,1,1,0,1,0,0
208,0,2,7.4627890586853,1742,0,50,3,1,1,0,1,1,1,0,1,0,0
214,0,1,7.08002662658691,1188,0,20,2,1,1,1,1,1,1,0,1,0,0
214,1,1,6.96224355697632,1056,0,45,2,1,1,1,0,1,1,0,1,0,0
214,2,1,7.36770868301392,1584,0,30,2,1,1,1,1,1,1,0,1,0,0
215,0,1,7.03174114227295,1132,0,24,3,0,1,0,0,1,0,1,1,0,0
215,0,2,7.10660600662231,1220,0,24,4,0,1,0,0,1,0,1,1,0,0
216,0,1,7.50218629837036,1812,0,38,2,1,1,1,0,1,1,1,1,1,1
216,0,2,7.29165601730347,1468,0,38,1,1,1,1,0,1,1,1,1,1,1
216,0,3,7.39694881439209,1631,0,38,1,1,1,1,0,1,1,1,1,1,1
218,0,1,7.08002662658691,1188,0,20,2,1,1,1,1,1,1,0,1,0,0
218,1,1,6.96224355697632,1056,0,45,2,1,1,1,0,1,1,0,1,0,0
218,2,1,7.36770868301392,1584,0,30,2,1,1,1,1,1,1,0,1,0,0
226,0,1,6.81014251708984,907,0,20,2,1,1,0,0,1,0,1,1,0,0
226,1,1,7.60389804840088,2006,0,20,2,1,1,0,0,1,0,1,1,0,0
226,1,2,7.82684230804443,2507,0,20,3,1,1,0,0,1,0,1,1,0,0
226,1,3,8.00903034210205,3008,0,20,4,1,1,0,0,1,0,1,1,0,0
226,1,4,7.55223751068115,1905,0,20,2,1,1,0,0,1,0,1,1,0,0
236,0,1,6.61606502532959,747,0,30,2,1,1,0,0,1,0,0,0,0,0
239,0,1,7.68616247177124,2178,0,35,2,1,0,1,1,1,0,1,1,0,1
249,0,1,7.11882638931274,1235,0,30,2,1,1,1,1,1,0,1,0,0,0
250,0,1,6.32972097396851,561,0,25,2,1,0,1,1,1,0,0,1,0,0
250,1,1,6.95177221298218,1045,0,25,2,0,0,1,0,1,0,0,1,0,0
250,1,2,6.66440916061401,784,0,25,1,0,0,1,0,1,0,0,1,0,0
254,1,1,8.76950740814209,6435,0,42,2,1,1,0,1,1,0,1,0,0,1
259,0,1,7.52886915206909,1861,0,90,3,1,1,0,1,1,1,1,1,0,0
259,0,2,7.62997579574585,2059,0,90,4,1,1,0,1,1,1,1,1,0,0
259,0,3,7.72179174423218,2257,0,90,1,1,1,0,1,1,1,1,1,0,0
270,0,1,6.77764654159546,878,0,25,2,1,1,0,0,1,0,0,1,0,0
270,1,1,7.23993253707886,1394,0,30,2,1,1,0,0,1,1,0,1,0,0
270,1,2,7.30047273635864,1481,0,30,3,1,1,0,0,1,1,0,1,0,0
270,1,3,7.35755634307861,1568,0,30,4,1,1,0,0,1,1,0,1,0,0
270,1,4,7.13409376144409,1254,0,30,2,1,1,0,0,1,1,0,1,0,0
274,0,1,7.79564666748047,2430,0,72,3,1,0,1,1,1,1,1,1,0,0
274,0,2,7.90137720108032,2701,0,72,4,1,0,1,1,1,1,1,1,0,0
274,0,3,7.67786359786987,2160,0,72,1,1,0,1,1,1,1,1,1,0,0
274,0,4,7.63336944580078,2066,0,72,2,1,0,1,1,1,1,1,1,0,0
274,0,5,7.69028615951538,2187,0,72,3,1,0,1,1,1,1,1,1,0,0
274,0,6,7.79564666748047,2430,0,72,4,1,0,1,1,1,1,1,1,0,0
274,0,7,7.57250308990479,1944,0,72,1,1,0,1,1,1,1,1,1,0,0
281,0,1,7.70255613327026,2214,0,40,3,1,1,1,0,1,1,1,0,0,0
281,0,2,7.84893369674683,2563,0,40,4,1,1,1,0,1,1,1,0,0,0
281,0,3,7.97625207901001,2911,0,40,1,1,1,1,0,1,1,1,0,0,0
281,0,4,8.08948230743408,3260,0,40,1,1,1,1,0,1,1,1,0,0,0
287,0,1,6.64118194580078,766,0,16,3,1,1,0,0,1,0,0,1,0,0
287,0,2,6.71780490875244,827,0,16,4,1,1,0,0,1,0,0,1,0,0
289,0,1,8.36100673675537,4277,0,200,1,1,1,1,1,1,1,1,1,0,0
289,0,2,8.46632099151611,4752,0,200,1,1,1,1,1,1,1,1,1,0,0
291,1,1,7.75576734542847,2335,0,41,2,1,1,1,0,1,1,1,1,0,0
291,1,2,8.25660705566406,3853,0,41,3,1,1,1,0,1,1,1,1,0,0
306,0,1,8.00636768341064,3000,0,50,4,1,1,0,1,1,1,1,1,0,0
309,0,1,7.54802894592285,1897,0,40,3,1,1,0,0,1,1,1,1,1,1
317,0,1,8.20220851898193,3649,0,500,4,1,0,1,1,1,1,1,0,0,0
320,0,1,6.98471641540527,1080,0,90,3,1,1,0,0,1,0,0,1,0,0
320,0,2,7.09007692337036,1200,0,90,4,1,1,0,0,1,0,0,1,0,0
324,0,1,5.54126358032227,255,0,21,1,1,0,0,0,1,0,0,0,0,1
324,0,2,5.54907608032227,257,0,21,1,1,0,0,0,1,0,0,0,0,1
